calc_date,category,seller_id,abc,xyz,service_level,demand_mean,demand_sd,zero_week_share,observed_mean_days,observed_sd_days,promised_mean_days,promised_sd_days,pct_late,ss_observed,ss_promised,naive_total_cover,model_total_target,cycle_observed,cycle_promised,rop_observed,supply_variance_share,weeks_since_last_sale,is_intermittent,is_stale,is_publishable,exclusion_reason
2018-08-31,bed_bath_table,a673821011d0cec28146ea42f5ab767f,A,Y,0.98,1.9583333333333333,1.899179838238342,0.20833333333333334,12.067,8.932,21.838,7.508,0.1238,7.250030620124244,8.128370790142517,3.9166666666666665,10.625917524886148,3.375886904761905,6.109440476190476,10.625917524886148,0.5010598358492546,2.6,f,f,t,
2018-08-31,health_beauty,ececbfcff9804a2d6b40f589df8eef2b,A,Y,0.98,2.7083333333333335,2.176538269955231,0.08333333333333333,12.913,9.795,25.29,9.364,0.1159,9.87105084690295,11.29397825907703,5.416666666666667,14.86715203737914,4.996101190476191,9.784821428571428,14.86715203737914,0.6217058366964621,2.6,f,f,t,
2018-08-31,toys,ff1fb4c404b2efe68b03350a8dc24122,A,Y,0.98,1.28,1.173314393786536,0.32,9.75,7.466,17.781,6.282,0.0938,3.993631988578983,4.50724730093283,2.56,5.776489131436126,1.782857142857143,3.251382857142857,5.776489131436126,0.49289956847892885,1.6,f,f,t,
2018-08-31,luggage_accessories,dbc22125167c298ef99da25668e1011f,A,Y,0.98,2.32,1.6512621435334447,0.08,11.618,7.262,24.76,5.831,0.0337,6.59708743390294,7.51217380384779,4.64,10.447624576760083,3.8505371428571427,8.206171428571428,10.447624576760083,0.5614131631252932,1.6,f,f,t,
2018-08-31,health_beauty,01fdefa7697d26ad920e9e0346d4bd1b,A,Y,0.98,1.72,1.6960738977611403,0.2,10.685,7.328,24.415,6.391,0.0538,5.674135450558613,7.260934198240361,3.44,8.299592593415756,2.625457142857143,5.999114285714285,8.299592593415756,0.42474378174731053,1.6,f,f,t,
2018-08-31,garden_tools,ff063b022a9a0aab91bad2c9088760b7,A,Y,0.98,1.375,1.0134958870382644,0.20833333333333334,8.689,6.424,20.644,9.073,0.0222,3.47763417261082,5.116064029024938,2.75,5.184402029753677,1.7067678571428573,4.055071428571428,5.184402029753677,0.5553250744474111,2.6,f,f,t,
2018-08-31,pet_shop,dd7ddc04e1b6c2c614352b383efe2d36,A,Y,0.98,3.1904761904761907,2.4211370803621928,0.09523809523809523,15.14,9.248,23.107,8.149,0.1074,11.332027148002977,11.823817378620845,6.380952380952381,18.232571365690053,6.9005442176870755,10.531761904761904,18.232571365690053,0.5835661031505057,5.6,f,f,t,
2018-08-31,baby,1f50f920176fa81dab994f9023523100,A,Z,0.98,1.9090909090909092,3.1759376704494824,0.3181818181818182,15.452,10.409,27.833,7.988,0.0952,11.309481473870877,13.75425309976532,3.8181818181818183,15.523663292052696,4.214181818181818,7.5908181818181815,15.523663292052696,0.2657568462558283,1.6,f,f,t,
2018-08-31,housewares,0dd184061fb0eaa7ca37932c68ab91c5,A,Z,0.98,1.95,2.1144863753590246,0.3,12.571,12.103,23.206,7.336,0.127,9.045061162604759,8.951725667371727,3.9,12.546982591176187,3.5019214285714284,6.464528571428571,12.546982591176187,0.5860448929064916,6.6,f,f,t,
2018-08-31,housewares,65febd49fd28ec955651299159b1f527,A,Y,0.98,2.0,1.4142135623730951,0.15789473684210525,7.105,4.441,20.579,12.026,0.0,3.918302356634671,8.636938498624152,4.0,5.948302356634671,2.0300000000000002,5.879714285714286,5.948302356634671,0.4423074546723848,1.6,f,f,t,
2018-08-31,furniture_decor,5a8e7d5003a1f221f9e1d6e411de7c23,A,Y,0.98,2.24,2.203784623475413,0.28,10.608,6.7,22.307,7.739,0.0458,7.1015380918413165,9.547119099099287,4.48,10.496098091841317,3.3945600000000007,7.13824,10.496098091841317,0.3844495991429623,1.6,f,f,t,
2018-08-31,furniture_living_room,8b9d6eec4a7eb7d0f9d579ce0b38324d,A,Y,0.98,3.1875,2.5091499224504967,0.125,10.059,7.824,20.843,8.401,0.1373,9.575855220265032,11.865693563076224,6.375,14.156292720265032,4.5804374999999995,9.491008928571429,14.156292720265032,0.5838503435501734,1.6,f,f,t,
2018-08-31,auto,3db66a856d18a9cba7c9241fc5221c50,A,Y,0.98,1.12,0.971253485622231,0.32,13.628,9.069,27.163,8.963,0.093,4.077636781767393,4.910617605251039,2.24,6.258116781767393,2.18048,4.346080000000001,6.258116781767393,0.5341169804064849,1.6,f,f,t,
2018-08-31,baby,271c58a1d139c45eaf3316107c6d3a3b,A,Z,0.98,1.8,1.9712215212183246,0.3333333333333333,13.111,5.094,24.333,7.947,0.0741,6.159104792920926,8.63631296987688,3.6,9.530504792920926,3.3714,6.257057142857143,9.530504792920926,0.19077713252829048,3.6,f,f,t,
2018-08-31,auto,e96498ed8daaa3e9c23f7a62da76591c,A,Y,0.98,0.8,0.6958523739384593,0.35,15.147,10.445,25.382,5.427,0.1471,3.2294940096613343,3.004678067698743,1.6,4.960579723947049,1.7310857142857143,2.9008000000000003,4.960579723947049,0.5762706592872255,6.6,f,f,t,
2018-08-31,computers_accessories,85d9eb9ddc5d00ca9336a2219c97bb13,A,Y,0.98,5.875,4.0680355263294175,0.08333333333333333,14.843,8.146,30.408,7.999,0.0234,18.57853040972023,22.210783276631954,11.75,31.036048266863087,12.457517857142857,25.521,31.036048266863087,0.5711898089018015,2.6,f,f,t,
2018-08-31,housewares,3ab971ce71839580d2ae5b4e40fe8044,A,Y,0.98,2.4166666666666665,1.6764862244009227,0.0,6.655,3.735,20.552,7.337,0.0,4.275943444843803,7.8656408052490665,4.833333333333333,6.573502968653328,2.297559523809524,7.095333333333333,6.573502968653328,0.38357423120207923,2.6,f,f,t,
2018-08-31,bed_bath_table,d1c281d3ae149232351cd8c8cc885f0d,A,Y,0.98,1.7916666666666667,1.5874279625330667,0.25,12.506,7.902,23.974,5.661,0.0644,6.020210779498668,6.7273484031761415,3.5833333333333335,9.221151255689144,3.2009404761904765,6.136202380952382,9.221151255689144,0.4760621969681416,2.6,f,f,t,
2018-08-31,furniture_decor,391fc6631aebcf3004804e51b40bcf1e,A,Y,0.98,1.68,1.5470401847829727,0.16,14.089,7.309,23.19,5.01,0.0857,5.770330382523808,6.288140895890568,3.36,9.151690382523809,3.3813600000000004,5.5656,9.151690382523809,0.3897909397518897,1.6,f,f,t,
2018-08-31,computers_accessories,080102cd0a76b09e0dcf55fcacc60e05,A,Y,0.98,2.48,1.917463602435954,0.08,9.787,6.741,22.553,6.959,0.0426,6.763103223995253,8.694967077381989,4.96,10.230497509709538,3.467394285714286,7.990205714285715,10.230497509709538,0.5259671202742037,1.6,f,f,t,
2018-08-31,bed_bath_table,b39d7fe263ef469605dbb32608aee0af,A,Z,0.98,1.6,2.101586702153082,0.32,13.146,6.64,29.521,11.938,0.0417,6.685877506386577,10.486609857352924,3.2,9.690677506386578,3.0048000000000004,6.747657142857143,9.690677506386578,0.21734912950373975,1.6,f,f,t,
2018-08-31,health_beauty,f84fa566034f5e8e880a07ec624c56af,A,Z,0.98,3.2916666666666665,6.416549029601143,0.375,11.978,9.149,19.708,6.732,0.1011,19.3707114807144,23.04763891244232,6.583333333333333,25.003223385476307,5.6325119047619046,9.267452380952381,25.003223385476307,0.20805895910449823,2.6,f,f,t,
2018-08-31,sports_leisure,6b3bd31ad8fcda4b2635ec9f3ff2ecdf,A,Z,0.98,1.9523809523809523,2.060975266134712,0.3333333333333333,12.951,10.696,22.805,6.042,0.0976,8.407439913239733,8.387240015965984,3.9047619047619047,12.019623586709121,3.612183673469388,6.360578231292517,12.019623586709121,0.5310592530648146,3.6,f,f,t,
2018-08-31,stationery,b561927807645834b59ef0d16ba55a24,A,Y,0.98,3.12,2.107921567168317,0.0,13.049,12.539,21.317,8.797,0.1707,12.91052320095826,11.041657274902036,6.24,18.726648915243974,5.816125714285715,9.50129142857143,18.726648915243974,0.7903981589298181,1.6,f,f,t,
2018-08-31,fashion_shoes,048c2757535328e0d7dac690ad3c0aae,A,Y,0.98,0.84,0.7461009761866464,0.36,18.42,10.643,28.42,6.048,0.12,3.613644735704911,3.4284656178238735,1.68,5.824044735704911,2.2104,3.4104,5.824044735704911,0.5268589967458831,1.6,f,f,t,
2018-08-31,furniture_decor,2a261b5b644fa05f4f2700eb93544f2c,A,Z,0.98,2.772727272727273,3.235691111601503,0.2727272727272727,14.378,11.301,23.488,5.087,0.1951,13.23714814487232,12.856938441120064,5.545454545454546,18.932329963054137,5.695181818181818,9.303688311688312,18.932329963054137,0.48234503410325535,4.6,f,f,t,
2018-08-31,auto,5d0363b33554b373851fc1622e4d5f3c,A,Y,0.98,2.25,1.9836286468731117,0.20833333333333334,12.876,10.439,21.944,9.13,0.0899,8.832651605861178,9.39960066739589,4.5,12.971365891575463,4.138714285714285,7.053428571428571,12.971365891575463,0.6086943106511716,2.6,f,f,t,
2018-08-31,health_beauty,e9779976487b77c6d4ac45f75ec7afe9,A,Y,0.98,3.76,2.420055095791554,0.04,8.954,8.685,20.012,8.467,0.0578,11.108207109556478,12.564441289581207,7.52,15.917784252413622,4.809577142857143,10.749302857142856,15.917784252413622,0.7439196161888586,1.6,f,f,t,
2018-08-31,construction_tools_construction,8648b1e89e9b349e32d3741b30ec737e,A,Y,0.98,1.76,1.3,0.16,8.926,7.569,21.235,10.048,0.0864,4.936111771486292,6.967387202727368,3.52,7.180363200057721,2.244251428571429,5.339085714285714,7.180363200057721,0.6269472300732664,1.6,f,f,t,
2018-08-31,toys,3d871de0142ce09b7081e2b9d1733cb1,A,Y,0.98,2.8260869565217392,2.166945355543846,0.21739130434782608,11.079,7.315,24.163,5.956,0.0583,8.254339961780852,9.630922704882986,5.6521739130434785,12.727228160538615,4.472888198757764,9.75524844720497,12.727228160538615,0.5399252162960375,3.6,f,f,t,
2018-08-31,sports_leisure,8d956fec2e4337affcb520f56fd8cbfd,A,Y,0.98,3.0,1.9364916731037085,0.08,8.361,5.705,19.614,8.657,0.0602,6.641308342428818,10.118264604562162,6.0,10.224594056714533,3.583285714285715,8.406,10.224594056714533,0.5716696431041425,1.6,f,f,t,
2018-08-31,housewares,f8db351d8c4c4c22c6835c19a46f01b0,A,Y,0.98,3.4166666666666665,1.9541854005467711,0.08333333333333333,8.511,6.176,20.532,8.07,0.0319,7.610028317002561,10.61539150661213,6.833333333333333,11.764206888431133,4.154178571428571,10.021571428571429,11.764206888431133,0.6618291057823127,2.6,f,f,t,
2018-08-31,sports_leisure,4371b634e0efc0e22b09b52907d9d469,A,Y,0.98,1.625,1.582856526223617,0.2916666666666667,11.938,9.412,22.923,7.302,0.0769,6.177229130474031,6.835612950787127,3.25,8.94855055904546,2.7713214285714285,5.321410714285713,8.94855055904546,0.5276935163545836,2.6,f,f,t,
2018-08-31,consoles_games,7299e27ed73d2ad986de7f7c77d919fa,A,Y,0.98,1.72,1.6462077633154328,0.28,11.23,6.297,24.037,6.263,0.0124,5.33248959298784,7.017090054106829,3.44,8.091861021559268,2.7593714285714284,5.9062342857142855,8.091861021559268,0.3551099649502247,1.6,f,f,t,
2018-08-31,sports_leisure,70eea00b476a314817cefde4aad4f89a,A,Z,0.98,1.7083333333333333,2.1964233112765035,0.20833333333333334,13.22,8.673,25.473,8.304,0.044,7.571370355401496,9.558768256047422,3.4166666666666665,10.79767987921102,3.226309523809524,6.216625,10.79767987921102,0.32963517933322406,2.6,f,f,t,
2018-08-31,home_construction,213b25e6f54661939f11710a6fddb871,A,Y,0.98,6.208333333333333,3.922944398487339,0.08333333333333333,15.029,6.186,26.302,8.602,0.064,16.319454762333713,22.122310062553368,12.416666666666666,29.648746429000376,13.329291666666665,23.327369047619047,29.648746429000376,0.4767132327311703,2.6,f,f,t,
2018-08-31,sports_leisure,530ec6109d11eaaf87999465c6afee01,A,Y,0.98,3.0,1.7795130420052185,0.04,10.034,6.174,27.382,11.344,0.0112,6.976856340984161,12.326490956898244,6.0,11.277142055269875,4.300285714285715,11.735142857142858,11.277142055269875,0.6066732005605301,1.6,f,f,t,
2018-08-31,furniture_decor,79ebd9a61bac3eaf882805ed4ecfa12a,A,Y,0.98,2.9166666666666665,1.886258469694107,0.08333333333333333,15.279,6.368,27.657,6.021,0.0429,7.902587749853731,9.264973288575124,5.833333333333333,14.26883774985373,6.36625,11.52375,14.26883774985373,0.4754881131416261,2.6,f,f,t,
2018-08-31,watches_gifts,c66dccfb3f109511246da627dd5a2498,A,Y,0.98,1.36,1.0360180178613367,0.2,11.279,8.189,25.791,7.589,0.0465,4.239261050217864,5.08425296466656,2.72,6.430609621646435,2.1913485714285716,5.010822857142858,6.430609621646435,0.59409767028308,1.6,f,f,t,
2018-08-31,sports_leisure,8f2ce03f928b567e3d56181ae20ae952,A,Y,0.98,2.96,1.6196707484341788,0.0,14.297,9.009,24.012,9.764,0.1221,9.154840861884809,10.48128167017772,5.92,15.200429433313381,6.045588571428572,10.153645714285714,15.200429433313381,0.7303543315764703,1.6,f,f,t,
2018-08-31,construction_tools_lights,d6b1ce66b035a475f00c017792ff9769,A,Y,0.98,3.1666666666666665,3.1438921691137076,0.125,9.461,5.77,22.342,7.69,0.0395,9.22413453620012,13.568614811583192,6.333333333333333,13.504110726676311,4.279976190476191,10.107095238095237,13.504110726676311,0.3377564741236106,1.6,f,f,t,
2018-08-31,watches_gifts,056b4ada5bbc2c50cc7842547dda6b51,A,Y,0.98,2.25,2.231201664925252,0.20833333333333334,10.867,8.688,25.267,7.476,0.1,8.092617598766605,10.0074270551112,4.5,11.585581884480892,3.4929642857142857,8.121535714285715,11.585581884480892,0.502256116841771,2.6,f,f,t,
2018-08-31,sports_leisure,06df0c10d34e459d9672bc77388742eb,A,Y,0.98,1.3636363636363635,1.2167659925061518,0.22727272727272727,9.667,6.177,24.333,7.676,0.0333,3.838124529514548,5.580188516001156,2.727272727272727,5.721306347696366,1.883181818181818,4.740194805194805,5.721306347696366,0.4145842885112043,3.6,f,f,t,
2018-08-31,sports_leisure,955fee9216a65b617aa5c0531780ce60,A,Y,0.98,2.6923076923076925,2.6194538479496945,0.11538461538461539,11.496,8.106,21.489,7.709,0.0827,9.408907627051208,11.221659965194505,5.384615384615385,13.830446088589671,4.421538461538462,8.265,13.830446088589671,0.46310853538218094,0.6,f,f,t,
2018-08-31,perfumery,289cdb325fb7e7f891c38608bf9e0962,A,Z,0.98,4.32,4.52511509982527,0.28,6.765,3.851,17.252,5.998,0.0174,10.358215482860132,16.451569640096167,8.64,14.53318691143156,4.174971428571429,10.646948571428572,14.53318691143156,0.22204615647680648,1.6,f,f,t,
2018-08-31,toys,b94cc9f10ddc85e4ba73a6f7974e7101,A,Y,0.98,0.8,0.5606119105813882,0.26666666666666666,10.739,6.129,24.043,4.258,0.087,2.025624734596871,2.3562587045796346,1.6,3.252939020311157,1.2273142857142858,2.7477714285714288,3.252939020311157,0.5043590823401897,11.6,f,f,t,
2018-08-31,health_beauty,cc419e0650a3c5ba77189a1882b7556a,A,Y,0.98,6.846153846153846,4.378970725568352,0.0,11.135,7.572,24.51,7.691,0.0465,18.973039884949245,22.843858236206067,13.692307692307692,29.86331461022397,10.890274725274725,23.97131868131868,29.86331461022397,0.6425978853070857,0.6,f,f,t,
2018-08-31,housewares,32b8764b4ef628b53608fc34011fcc13,A,Y,0.98,1.52,1.0847426730181986,0.16,11.237,5.289,25.974,8.471,0.0263,3.6783705109922535,5.717233115274372,3.04,6.118404796706539,2.440034285714286,5.640068571428571,6.118404796706539,0.4111705279310317,1.6,f,f,t,
2018-08-31,baby,4b9750c8ad28220fe6702d4ecb7c898f,A,Y,0.98,6.115384615384615,3.6477601135702233,0.038461538461538464,9.407,10.911,18.761,9.509,0.0574,21.41649645543533,21.011953740448675,12.23076923076923,29.634699752138623,8.218203296703296,16.390104395604396,29.634699752138623,0.8355615080319464,0.6,f,f,t,
2018-08-31,sports_leisure,e9779976487b77c6d4ac45f75ec7afe9,A,Y,0.98,5.769230769230769,3.45609828920061,0.0,9.49,8.058,18.745,7.458,0.0669,15.94787800758878,17.15439004900823,11.538461538461538,23.769306579017353,7.821428571428571,15.449175824175825,23.769306579017353,0.7314474844078889,0.6,f,f,t,
2018-08-31,stationery,3d871de0142ce09b7081e2b9d1733cb1,A,X,0.98,5.64,2.5146238950056397,0.0,14.262,9.567,27.231,6.654,0.0571,17.462995028642805,14.99959288815612,11.28,28.954092171499944,11.491097142857141,21.940405714285717,28.954092171499944,0.8218090268310544,1.6,f,f,t,
2018-08-31,perfumery,ef0ace09169ac090589d85746e3e036f,A,Z,0.98,2.96,3.0342489460600737,0.32,12.546,10.802,24.126,5.705,0.084,12.55391488903859,12.58515950973167,5.92,17.8590806033243,5.305165714285714,10.201851428571429,17.8590806033243,0.5583827846542889,1.6,f,f,t,
2018-08-31,garden_tools,955fee9216a65b617aa5c0531780ce60,A,Y,0.98,2.16,1.7243356208503415,0.12,8.274,6.249,18.79,8.851,0.0323,5.523277973582855,8.070094522652038,4.32,8.076397973582855,2.55312,5.798057142857143,8.076397973582855,0.5140831415556542,1.6,f,f,t,
2018-08-31,health_beauty,db2956745b3a8e9f3785c99f34b5d25e,A,Y,0.98,2.5555555555555554,1.464168996281919,0.0,14.217,6.345,26.109,10.384,0.087,6.4029160806193355,9.713080413394897,5.111111111111111,11.59324941395267,5.190333333333333,9.531857142857142,11.59324941395267,0.5520480733507845,3.6,f,f,t,
2018-08-31,baby,855668e0971d4dfd7bef1b6a4133b41b,A,Y,0.98,2.96,2.244994432064365,0.12,15.766,11.098,25.177,8.873,0.1206,11.864650800329482,11.654917360445111,5.92,18.531416514615195,6.666765714285714,10.646274285714284,18.531416514615195,0.6598748161079206,1.6,f,f,t,
2018-08-31,housewares,4bfc7a4a1cf8d4d2121c27422d9e50b5,A,Z,0.98,1.7391304347826086,2.093656898702881,0.30434782608695654,8.0,4.668,18.525,5.914,0.025,5.1771677010398145,7.618064457161526,3.4782608695652173,7.164745340791367,1.9875776397515525,4.60248447204969,7.164745340791367,0.21166066261474373,1.6,f,f,t,
2018-08-31,computers_accessories,87142160b41353c4e5fca2360caf6f92,A,Y,0.98,3.48,2.694438717061496,0.04,10.43,6.578,25.516,8.523,0.0325,9.525420602339471,13.687456899081647,6.96,14.710620602339471,5.1852,12.685097142857142,14.710620602339471,0.4971374903247903,1.6,f,f,t,
2018-08-31,health_beauty,955fee9216a65b617aa5c0531780ce60,A,Z,0.98,3.8461538461538463,5.496852246093633,0.34615384615384615,11.588,9.046,21.789,8.287,0.0526,17.7531819758317,22.0033457919116,7.6923076923076925,24.120214942864667,6.367032967032967,11.971978021978023,24.120214942864667,0.3306074786571087,0.6,f,f,t,
2018-08-31,health_beauty,900ba814c251a692506d7834c1218441,A,Y,0.98,1.56,1.3253930234714029,0.28,12.372,9.107,20.965,8.103,0.1395,5.519924125194593,5.995459629777531,3.12,8.277112696623163,2.7571885714285713,4.6722,8.277112696623163,0.5702066340022206,1.6,f,f,t,
2018-08-31,industry_commerce_and_business,0dd184061fb0eaa7ca37932c68ab91c5,A,Y,0.98,3.8333333333333335,3.171430436647279,0.16666666666666666,10.741,8.742,21.902,8.584,0.0804,12.7185508962927,15.03129791289814,7.666666666666667,18.600527086768892,5.881976190476191,11.993952380952383,18.600527086768892,0.5975828472547903,2.6,f,f,t,
2018-08-31,auto,c8b0e2b0a7095e5d8219575d5e7e1181,A,Y,0.98,2.0416666666666665,1.8528278426483,0.25,9.988,7.176,20.824,7.68,0.0706,6.256019959516228,8.014937233991057,4.083333333333333,9.169186626182894,2.9131666666666662,6.073666666666667,9.169186626182894,0.47210314931550423,2.6,f,f,t,
2018-08-31,art,c31eff8334d6b3047ed34bebd4d62c36,A,Y,0.98,3.4583333333333335,2.8281068589777685,0.08333333333333333,12.029,6.674,22.4,9.6,0.1048,10.18964371967848,14.241959716347415,6.916666666666667,16.13254252920229,5.942898809523809,11.066666666666666,16.13254252920229,0.44165862873854306,2.6,f,f,t,
2018-08-31,furniture_decor,5343d0649eca2a983820bfe93fc4d17e,A,Y,0.98,3.857142857142857,3.004758131459407,0.14285714285714285,11.3,8.12,23.9,8.856,0.0909,12.07945319744046,15.180932005512123,7.714285714285714,18.305983809685358,6.226530612244898,13.16938775510204,18.305983809685358,0.5786921191309741,5.6,f,f,t,
2018-08-31,housewares,53e4c6e0f4312d4d2107a8c9cddf45cd,A,X,0.98,5.076923076923077,2.152637023245246,0.0,12.019,9.078,25.737,8.975,0.045,14.710627795137396,15.829707774152334,10.153846153846153,23.427704718214322,8.717076923076924,18.666395604395603,23.427704718214322,0.8449241451769607,0.6,f,f,t,
2018-08-31,auto,c003204e1ab016dfa150abc119207b24,A,Y,0.98,4.4,3.253203549323856,0.12,8.993,7.18,20.257,7.691,0.0395,11.969148918611568,15.091564899249,8.8,17.621891775754428,5.652742857142858,12.73297142857143,17.621891775754428,0.5996893175589563,1.6,f,f,t,
2018-08-31,pet_shop,5cf13accae3222c70a9cac40818ae839,A,Y,0.98,3.2,2.19848432637882,0.04,10.565,5.614,25.065,7.374,0.0195,7.651776184775689,10.996714895171023,6.4,12.481490470489973,4.829714285714285,11.458285714285715,12.481490470489973,0.47448104618328535,1.6,f,f,t,
2018-08-31,bed_bath_table,33a6f4b1e7cdc205511e76ba1b6e0186,A,Y,0.98,3.5384615384615383,3.3012818023400454,0.19230769230769232,8.635,7.235,22.626,8.955,0.0174,10.635867411994772,15.3301019938851,7.076923076923077,15.000812466939827,4.364945054945054,11.437318681318683,15.000812466939827,0.498722328169737,0.6,f,f,t,
2018-08-31,bed_bath_table,640e21a7d01df7614a3b4923e990d40c,A,Y,0.98,5.666666666666667,4.0180751033588065,0.08333333333333333,10.36,11.953,20.676,7.922,0.0368,22.26438839674458,19.354846474655837,11.333333333333334,30.651055063411246,8.386666666666667,16.737714285714283,30.651055063411246,0.7966842754302743,1.6,f,f,t,
2018-08-31,bed_bath_table,391fc6631aebcf3004804e51b40bcf1e,A,Y,0.98,5.16,2.703084657695106,0.0,14.25,9.716,27.583,5.894,0.0761,16.706168174438034,14.179495063188952,10.32,27.210453888723748,10.504285714285714,20.33261142857143,27.210453888723748,0.7752099346072664,1.6,f,f,t,
2018-08-31,health_beauty,abe42c5d03695b4257b5c6cbf4e6784e,A,Z,0.98,1.0909090909090908,1.1509454047327026,0.3181818181818182,14.5,13.052,23.825,7.289,0.15,5.387497904733544,4.945658104276855,2.1818181818181817,7.647238164473803,2.25974025974026,3.7129870129870124,7.647238164473803,0.6012507562162129,4.6,f,f,t,
2018-08-31,computers_accessories,0b90b6df587eb83608a64ea8b390cf07,A,Y,0.98,3.3333333333333335,3.0880789957606285,0.08333333333333333,14.335,7.712,32.646,5.842,0.0335,11.800610064431558,14.840130843072501,6.666666666666667,18.626800540622035,6.826190476190477,15.545714285714286,18.626800540622035,0.4084898075207294,2.6,f,f,t,
2018-08-31,housewares,59b22a78efb79a4797979612b885db36,A,Y,0.98,1.5833333333333333,1.3805061033727,0.20833333333333334,11.878,10.093,23.144,5.628,0.1111,5.968493499306284,5.78035966994517,3.1666666666666665,8.65518397549676,2.686690476190476,5.234952380952381,8.65518397549676,0.6170983967300127,2.6,f,f,t,
2018-08-31,watches_gifts,d921b68bf747894be13a97ae52b0f386,A,Y,0.98,3.526315789473684,2.5899039247009314,0.05263157894736842,9.896,5.742,26.254,8.994,0.0149,8.676861825798833,13.881519561766934,7.052631578947368,13.662064833317629,4.985203007518797,13.225699248120302,13.662064833317629,0.4687508073411858,1.6,f,f,t,
2018-08-31,watches_gifts,c60b801f2d52c7f7f91de00870882a75,A,Z,0.98,1.04,1.2409673645990857,0.4,17.233,10.66,24.3,9.738,0.2,5.154701906542408,5.6015779108754264,2.08,7.715033335113836,2.5603314285714287,3.6102857142857143,7.715033335113836,0.39817371706964616,1.6,f,f,t,
2018-08-31,books_general_interest,527801b552d0077ffd170872eb49683b,A,Z,0.98,1.76,1.8092355660149215,0.24,12.86,9.421,24.244,7.116,0.1047,7.002157821378476,7.830702522572846,3.52,10.235529249949904,3.233371428571428,6.095634285714286,10.235529249949904,0.4826742886167003,1.6,f,f,t,
2018-08-31,health_beauty,7e1fb0a3ebfb01ffb3a7dae98bf3238d,A,Y,0.98,1.68,1.676305461424021,0.28,15.585,9.07,26.293,6.885,0.1429,6.809880372641102,7.485678746134263,3.36,10.550280372641101,3.7403999999999997,6.31032,10.550280372641101,0.4309757002887311,1.6,f,f,t,
2018-08-31,housewares,cc63f0dd2acba93ffed4fe9f8e0321fa,A,Z,0.98,3.875,3.947573094109004,0.25,9.016,3.894,21.339,7.876,0.0,10.210659521013444,16.749535018773376,7.75,15.201659521013443,4.9910000000000005,11.812660714285713,15.201659521013443,0.18798635659520713,1.6,f,f,t,
2018-08-31,perfumery,620c87c171fb2a6dd6e8bb4dec959fc6,A,Y,0.98,2.8,1.7795130420052188,0.12,12.02,9.295,26.23,8.108,0.0682,9.013394388702947,9.71670665219164,5.6,13.821394388702947,4.808,10.491999999999999,13.821394388702947,0.7176897012718456,1.6,f,f,t,
2018-08-31,pet_shop,6061155addc1e54b4cfb51c1c2a32ad8,A,Z,0.98,2.230769230769231,2.8329562343320847,0.38461538461538464,5.414,2.994,14.862,8.547,0.0,5.4791725796412285,10.15692549072492,4.461538461538462,7.204513238981888,1.7253406593406593,4.736241758241759,7.204513238981888,0.12790323697579525,1.6,f,f,t,
2018-08-31,sports_leisure,54a1852d1b8f10312c55e906355666ee,A,Y,0.98,3.16,1.9933221850301406,0.04,10.886,9.466,21.937,8.863,0.0686,10.152986559077997,10.956312828747377,6.32,15.067237987649424,4.914251428571428,9.902988571428573,15.067237987649424,0.7471678135902022,1.6,f,f,t,
2018-08-31,toys,850f4f8af5ea87287ac68de36e29107f,A,Y,0.98,1.4285714285714286,1.0894095588038444,0.2857142857142857,9.825,8.044,25.684,8.522,0.0439,4.288714994722231,5.578999362264253,2.857142857142857,6.293817035538558,2.0051020408163263,5.241632653061225,6.293817035538558,0.6180054192112131,12.6,f,f,t,
2018-08-31,health_beauty,6e386f64c84e482f0b9abf960797ee1b,A,Y,0.98,1.3181818181818181,1.2867960816866657,0.2727272727272727,10.483,7.524,20.069,8.396,0.069,4.350472882321159,5.528771227620652,2.6363636363636362,6.324544310892588,1.9740714285714285,3.7792272727272724,6.324544310892588,0.44737724236379794,2.6,f,f,t,
2018-08-31,consoles_games,522620dcb18a6b31cd7bdf73665113a9,A,Y,0.98,1.3181818181818181,1.129111055163209,0.3181818181818182,16.033,10.968,29.272,6.545,0.1087,5.505401942037753,5.375288836313941,2.6363636363636362,8.52460324073905,3.0192012987012986,5.51225974025974,8.52460324073905,0.5936439776947153,4.6,f,f,t,
2018-08-31,bed_bath_table,8a432f4e5b471f8da497d7dc517666e2,A,Y,0.98,4.142857142857143,2.434865792722759,0.047619047619047616,7.609,5.608,20.598,7.598,0.0115,8.581686000666966,12.604436981295692,8.285714285714286,13.084971714952681,4.503285714285715,12.190653061224491,13.084971714952681,0.6309127412568633,0.6,f,f,t,
2018-08-31,home_construction,1025f0e2d44d7041d6cf58b6550e0bfa,A,Y,0.98,3.05,1.7312909694943341,0.05,11.213,7.616,23.787,10.95,0.0328,8.16688291888515,11.788699194099586,6.1,13.052547204599435,4.8856642857142845,10.364335714285714,13.052547204599435,0.696369116935427,2.6,f,f,t,
2018-08-31,bed_bath_table,d2374cbcbb3ca4ab1086534108cc3ab7,A,Y,0.98,6.6,3.6628768293059846,0.0,14.102,7.478,29.648,9.865,0.0495,17.991239289693425,24.588379579570734,13.2,31.28741071826485,13.296171428571428,27.953828571428573,31.28741071826485,0.6477915000214993,1.6,f,f,t,
2018-08-31,home_confort,2528513dd95219a6013d4d05176e391a,A,Y,0.98,1.12,0.971253485622231,0.24,11.138,6.691,23.532,8.295,0.0532,3.341416537195319,4.56130049691837,2.24,5.12349653719532,1.7820800000000003,3.7651200000000005,5.12349653719532,0.4329676833605245,1.6,f,f,t,
2018-08-31,baby,9e6229250fedbe05838fef417b74e7fb,A,Y,0.98,2.1578947368421053,1.5370663939515448,0.10526315789473684,11.415,4.99,26.659,9.289,0.0244,5.1216060664440475,8.516863267934559,4.315789473684211,8.640515840880138,3.5189097744360898,8.218187969924811,8.640515840880138,0.38049405230761524,1.6,f,f,t,
2018-08-31,computers_accessories,f457c46070d02cadd8a68551231220dd,A,Z,0.98,4.529411764705882,4.69198315026311,0.23529411764705882,14.383,7.729,26.765,4.904,0.0565,17.212953263849045,19.937644785953104,9.058823529411764,26.519600322672574,9.306647058823529,17.318529411764708,26.519600322672574,0.3560557922432424,9.6,f,f,t,
2018-08-31,housewares,33a17d60c64393351ebf1ef860f4e0f2,A,Y,0.98,1.5,0.8340576562282991,0.08333333333333333,10.511,6.769,26.617,8.709,0.0213,3.6441872979833017,5.083982093459434,3.0,5.896544440840445,2.252357142857143,5.7036428571428575,5.896544440840445,0.6682343222596517,2.6,f,f,t,
2018-08-31,telephony,ea8482cd71df3c1969d7b9473ff13abc,A,Y,0.98,18.8,9.691061173404421,0.0,13.334,9.234,23.471,8.011,0.0851,57.86807618764772,57.277465541498216,37.6,93.67939047336202,35.81131428571429,63.03640000000001,93.67939047336202,0.7746686161984122,1.6,f,f,t,
2018-08-31,telephony,562fc2f2c2863ab7e79a9e4388a58a14,A,Y,0.98,7.36,6.601010023726167,0.0,11.151,7.958,24.362,8.037,0.0302,24.25020094677273,30.672844886764004,14.72,35.97468094677273,11.72448,25.614902857142855,35.97468094677273,0.5021476412944822,1.6,f,f,t,
2018-08-31,unknown,c826c40d7b19f62a09e2d7c5e7295ee2,A,Z,0.98,4.8,7.2571803523590805,0.24,13.14,8.57,23.047,7.011,0.0714,23.720306381504443,28.79013952063998,9.6,32.73059209579016,9.010285714285715,15.803657142857144,32.73059209579016,0.25888217114709716,1.6,f,f,t,
2018-08-31,agro_industry_and_commerce,e59aa562b9f8076dd550fcddf0e73491,A,Y,0.98,1.28,1.0614455552060438,0.28,13.622,8.366,25.988,7.061,0.0732,4.372473838342278,4.9673176527480765,2.56,6.863353838342277,2.49088,4.752091428571429,6.863353838342277,0.516297274685237,1.6,f,f,t,
2018-08-31,health_beauty,516e7738bd8f735ac19a010ee5450d8d,A,Y,0.98,4.5,3.8297084310253524,0.1875,9.0,4.612,27.861,8.577,0.0278,10.798798618415967,19.350768535929486,9.0,16.584512904130253,5.7857142857142865,17.910642857142857,16.584512904130253,0.31794452608983104,1.6,f,f,t,
2018-08-31,bed_bath_table,609e1a9a6c2539919b8205cf7c4e6ff0,A,Y,0.98,4.8,3.082207001484488,0.04,10.25,5.142,27.352,8.145,0.0156,10.5409525284249,16.974752482397353,9.6,17.569523956996328,7.028571428571428,18.755657142857142,17.569523956996328,0.4719386181214813,1.6,f,f,t,
2018-08-31,bed_bath_table,c33847515fa6305ce6feb1e818569f13,A,Y,0.98,7.9375,5.5793518142044665,0.0625,9.52,5.953,24.929,9.796,0.0394,19.25513135220563,31.43287546648954,15.875,30.05013135220563,10.794999999999998,28.267705357142855,30.05013135220563,0.5183759958200671,1.6,f,f,t,
2018-08-31,sports_leisure,c3cfdc648177fdbbbb35635a37472c53,A,Y,0.98,2.8076923076923075,1.8551383941739932,0.038461538461538464,9.639,5.608,25.951,6.23,0.0131,6.428801876220146,8.952790313008471,5.615384615384615,10.294994183912454,3.8661923076923075,10.408917582417581,10.294994183912454,0.5163611539952085,0.6,f,f,t,
2018-08-31,home_confort,4a3ca9315b744ce9f8e9374361493884,A,Y,0.98,2.7083333333333335,2.0103896803024695,0.16666666666666666,15.146,13.313,23.858,5.389,0.1125,12.198024206867695,8.742918835694287,5.416666666666667,18.058083730677218,5.860059523809524,9.23077380952381,18.058083730677218,0.7521002347911085,2.6,f,f,t,
2018-08-31,bed_bath_table,1900267e848ceeba8fa32d80c1a5f5a8,A,X,0.98,9.08,3.751888413408195,0.0,12.71,7.757,22.854,7.061,0.0663,23.12650621542452,23.40263686356089,18.16,39.61319192971024,16.486685714285716,29.644902857142856,39.61319192971024,0.7984318201987538,1.6,f,f,t,
2018-08-31,auto,16090f2ca825584b5a147ab24aa30c86,A,Y,0.98,6.730769230769231,3.811117340704086,0.0,8.924,8.901,19.016,8.63,0.0637,19.67394611901009,21.374310834724458,13.461538461538462,28.254715349779318,8.58076923076923,18.284615384615382,28.254715349779318,0.7982201014050907,0.6,f,f,t,
2018-08-31,furniture_living_room,1554a68530182680ad5c8b042c3ab563,A,Y,0.98,1.25,0.9890707100936805,0.25,15.663,12.404,26.27,6.248,0.0787,5.4705154142789905,4.5536257248981284,2.5,8.267479699993276,2.7969642857142856,4.691071428571428,8.267479699993276,0.6914896133829782,2.6,f,f,t,
2018-08-31,construction_tools_lights,1025f0e2d44d7041d6cf58b6550e0bfa,A,Y,0.98,2.0,1.9578900207451218,0.28,10.829,6.759,21.386,7.47,0.0571,6.382990623081226,8.283142990561652,4.0,9.476990623081226,3.0940000000000003,6.110285714285714,9.476990623081226,0.3860780255060745,1.6,f,f,t,
2018-08-31,fashion_bags_accessories,6560211a19b47992c3666cc44a7e94c0,A,Y,0.98,4.68,3.3256578296631782,0.0,9.588,8.053,20.665,8.066,0.0564,13.644152805354254,16.13623114834763,9.36,20.05441566249711,6.410262857142857,13.81602857142857,20.05441566249711,0.6567688816872153,1.6,f,f,t,
2018-08-31,cool_stuff,12b9676b00f60f3b700e83af21824c0e,A,Z,0.98,1.2,1.2909944487358056,0.28,15.215,7.697,36.423,6.976,0.0077,4.756396281669983,6.527654579408063,2.4,7.3646819959556975,2.608285714285714,6.243942857142857,7.3646819959556975,0.32459962629087064,1.6,f,f,t,
2018-08-31,computers_accessories,8e8a7ce9f2f970dc00e2acf6f6e199f6,A,Y,0.98,1.72,1.4294521094927712,0.16,12.094,7.257,23.25,7.344,0.0625,5.31992924217962,6.508504552329454,3.44,8.29159781360819,2.971668571428571,5.7128571428571435,8.29159781360819,0.4738687180289232,1.6,f,f,t,
2018-08-31,pet_shop,70c27847eca8195c983ed7e798c56743,A,Y,0.98,4.666666666666667,3.2608792270388265,0.047619047619047616,10.755,5.828,22.653,8.174,0.0714,11.514403710114182,16.443619893000477,9.333333333333334,18.684403710114182,7.170000000000001,15.101999999999999,18.684403710114182,0.480251085991022,1.6,f,f,t,
2018-08-31,toys,7299e27ed73d2ad986de7f7c77d919fa,A,Y,0.98,2.75,2.4891067019943205,0.20833333333333334,10.353,6.817,22.788,7.703,0.1059,8.300710282091469,11.122005095068037,5.5,12.367960282091468,4.06725,8.952428571428571,12.367960282091468,0.4390561609996601,2.6,f,f,t,
2018-08-31,auto,7142540dd4c91e2237acb7e911c4eba2,A,Y,0.98,3.4166666666666665,2.6525896561771427,0.08333333333333333,13.476,9.506,24.793,5.575,0.0881,12.162946237903322,11.676764907644266,6.833333333333333,18.74051766647475,6.577571428571429,12.101345238095238,18.74051766647475,0.61379292648616,2.6,f,f,t,
2018-08-31,luggage_accessories,b1a81260566c1bac3114a6d124413f27,A,Y,0.98,1.7894736842105263,1.4367767695018308,0.21052631578947367,8.206,3.78,26.471,8.774,0.0,3.761079800511335,7.3584277696028915,3.5789473684210527,5.858854236601561,2.0977744360902255,6.767022556390978,5.858854236601561,0.2784246918713896,2.6,f,f,t,
2018-08-31,bed_bath_table,1835b56ce799e6a4dc4eddc053f04066,A,X,0.98,9.88,4.9017003852404795,0.0,12.659,8.642,23.537,6.725,0.0879,28.474702415512166,26.84708639561309,19.76,46.34197670122646,17.867274285714288,33.220794285714284,46.34197670122646,0.7739673445459767,1.6,f,f,t,
2018-08-31,sports_leisure,02f623a8eb246f3c5f7c2f96462654e6,A,Y,0.98,2.2777777777777777,2.1910393868598623,0.2777777777777778,8.61,7.035,18.951,6.982,0.0732,6.856288696705871,8.75156470505414,4.555555555555555,9.657955363372537,2.8016666666666663,6.166595238095238,9.657955363372537,0.47018776806378554,1.6,f,f,t,
2018-08-31,electronics,8b321bb669392f5163d04c59e235e066,A,Y,0.98,16.375,9.752647355194517,0.0,12.804,9.571,22.712,7.805,0.0913,53.3681679624867,52.03584221086218,32.75,83.32038224820099,29.952214285714287,53.12985714285715,83.32038224820099,0.7423543760548688,2.6,f,f,t,
2018-08-31,health_beauty,a416b6a846a11724393025641d4edd5e,A,Y,0.98,2.0,1.6832508230603465,0.2,12.535,8.295,23.238,9.498,0.1047,6.71503364141261,8.410371948558328,4.0,10.296462212841181,3.5814285714285714,6.639428571428572,10.296462212841181,0.525405964479667,1.6,f,f,t,
2018-08-31,watches_gifts,d650b663c3b5f6fb392b6326366efa9a,A,Y,0.98,2.0,1.6939791077198396,0.25,9.556,7.262,21.444,11.666,0.0556,5.889068553450958,9.161780423249633,4.0,8.619354267736671,2.730285714285714,6.126857142857142,8.619354267736671,0.5235737600071254,2.6,f,f,t,
2018-08-31,sports_leisure,218d46b86c1881d022bce9c68a7d4b15,A,Z,0.98,3.28,3.4703506066870724,0.12,13.876,10.329,25.587,6.204,0.0821,14.124315384904147,14.876937075678661,6.56,20.62621252776129,6.501897142857143,11.989337142857142,20.62621252776129,0.495254056584455,1.6,f,f,t,
2018-08-31,perfumery,cc419e0650a3c5ba77189a1882b7556a,A,Y,0.98,3.92,3.546359635833155,0.16,12.262,8.955,24.702,7.464,0.0611,14.106571091889402,16.15196450856933,7.84,20.9732910918894,6.86672,13.83312,20.9732910918894,0.5330390211845367,1.6,f,f,t,
2018-08-31,health_beauty,f46490624488d3ff7ce78613913a7711,A,Y,0.98,6.214285714285714,4.742258005318878,0.0,10.011,6.845,19.172,7.722,0.1034,17.070666917402757,21.401263047310405,12.428571428571429,25.95798324393337,8.88731632653061,17.02004081632653,25.95798324393337,0.5344744807136362,1.6,f,f,t,
2018-08-31,toys,9d4db00d65d7760644ac0c14edb5fd86,A,Y,0.98,2.5833333333333335,2.48327740429189,0.2916666666666667,8.455,7.004,21.106,9.343,0.0606,7.719936067285629,11.338882775529328,5.166666666666667,10.84023368633325,3.1202976190476197,7.7891190476190495,10.84023368633325,0.47285106883458566,2.6,f,f,t,
2018-08-31,bed_bath_table,1e8b33f18b4f7598d87f5cbee2282cc2,A,Y,0.98,3.8461538461538463,2.766836571860473,0.038461538461538464,7.712,5.516,18.698,7.84,0.0288,8.620758439975615,12.826453487586772,7.6923076923076925,12.858121077338254,4.237362637362637,10.273626373626374,12.858121077338254,0.5213261130982156,0.6,f,f,t,
2018-08-31,baby,e8b4225284fbb02d16f200513f1f395d,A,Z,0.98,1.5,1.504379571363837,0.35,10.2,4.93,24.0,10.983,0.1,4.314723470329373,7.489389216497372,3.0,6.500437756043658,2.1857142857142855,5.142857142857142,6.500437756043658,0.2528535378843282,2.6,f,f,t,
2018-08-31,cool_stuff,4869f7a5dfa277a7dca6462dcf3b52b2,A,Z,0.98,1.32,1.886796226411321,0.36,14.667,7.821,28.87,9.219,0.0556,6.374666820704223,8.641532808874675,2.64,9.140443963561367,2.765777142857143,5.444057142857144,9.140443963561367,0.22576471404528953,1.6,f,f,t,
2018-08-31,furniture_decor,09f952a5f58d2285b0372551ae8f9b01,A,Y,0.98,1.44,1.0832051206181281,0.24,13.61,11.447,25.61,9.197,0.0732,5.74551889235356,5.762299332646489,2.88,8.545290320924988,2.7997714285714284,5.268342857142857,8.545290320924988,0.7085140191216335,1.6,f,f,t,
2018-08-31,garden_tools,a1043bafd471dff536d0c462352beb48,A,X,0.98,4.88,2.127596452964393,0.0,13.77,7.892,25.624,6.046,0.0478,12.854396079810519,12.034300155671442,9.76,22.45405322266766,9.599657142857142,17.863588571428572,22.45405322266766,0.7726966939602113,1.6,f,f,t,
2018-08-31,construction_tools_construction,0b35c634521043bf4b47e21547b99ab5,A,Z,0.98,1.7391304347826086,2.5622680170708816,0.2608695652173913,17.351,15.635,32.195,5.629,0.1169,11.50143787507769,11.645161790025776,3.4782608695652173,15.812245328493837,4.310807453416149,7.998757763975155,15.812245328493837,0.48112111589359896,3.6,f,f,t,
2018-08-31,computers_accessories,1c68394e931a64f90ea236c5ea590300,A,Y,0.98,2.2916666666666665,2.095111632735399,0.16666666666666666,15.677,10.576,31.097,6.361,0.0387,9.59315424512375,10.02698402851386,4.583333333333333,14.72550543559994,5.132351190476189,10.180565476190475,14.72550543559994,0.5494415987455732,2.6,f,f,t,
2018-08-31,housewares,d94a40fd42351c259927028d163af842,A,Y,0.98,1.8695652173913044,1.5463842820677163,0.17391304347826086,13.887,7.113,27.972,6.831,0.0283,5.935667836418638,7.371840608875034,3.739130434782609,9.644618146977646,3.7089503105590067,7.470782608695653,9.644618146977646,0.4320622167541182,3.6,f,f,t,
2018-08-31,computers_accessories,88460e8ebdecbfecb5f9601833981930,A,Y,0.98,7.083333333333333,4.898239849495776,0.08333333333333333,18.233,10.339,29.197,7.078,0.1633,26.930706627866787,25.267937386266645,14.166666666666666,45.38076615167631,18.450059523809525,29.544583333333335,45.38076615167631,0.636554429154879,2.6,f,f,t,
2018-08-31,auto,34056b8b55c1775a22af2331670a799c,A,Y,0.98,2.84,2.134635019544715,0.04,12.831,9.232,23.753,7.733,0.1169,9.71610939388068,10.331250944994853,5.68,14.92182939388068,5.2057199999999995,9.636931428571428,14.92182939388068,0.626818913160068,1.6,f,f,t,
2018-08-31,housewares,688756f717c462a206ad854c5027a64a,A,Y,0.98,4.684210526315789,2.8490277401821635,0.05263157894736842,10.876,6.526,18.258,7.245,0.0449,11.559946996594334,13.727277282608815,9.368421052631579,18.83787180862441,7.277924812030075,12.21775939849624,18.83787180862441,0.6019409326046122,2.6,f,f,t,
2018-08-31,bed_bath_table,a3e9a2c700480d9bb01fba070ba80a0e,A,Y,0.98,2.125,1.596531566702726,0.125,13.193,7.984,23.307,5.773,0.0857,6.711192587613003,6.982174509972046,4.25,10.716210444755859,4.005017857142857,7.075339285714285,10.716210444755859,0.5501208863201871,2.6,f,f,t,
2018-08-31,housewares,ce7d1888639e6fb06b2749cbfdac1ff7,A,Y,0.98,1.6956521739130435,1.5792628490042622,0.21739130434782608,14.303,10.404,27.171,7.546,0.0921,6.948724291617035,7.411211656258788,3.391304347826087,10.413426154971074,3.464701863354038,6.581795031055901,10.413426154971074,0.5548335069120637,3.6,f,f,t,
2018-08-31,musical_instruments,f5a590cf36251cf1162ea35bef76fe84,A,Y,0.98,2.0,1.6418441381303657,0.2916666666666667,11.873,9.821,23.098,7.815,0.0588,7.2453534768616334,7.6515675679247295,4.0,10.637639191147347,3.392285714285714,6.599428571428571,10.637639191147347,0.6326315827317922,2.6,f,f,t,
2018-08-31,computers_accessories,9f505651f4a6abe901a56cdc21508025,A,Y,0.98,9.884615384615385,5.530475010896789,0.0,8.267,7.533,19.0,8.952,0.0417,25.092198782092304,32.00256961719611,19.76923076923077,36.76592955132307,11.673730769230769,26.829670329670332,36.76592955132307,0.7580130088149709,0.6,f,f,t,
2018-08-31,books_technical,ba143b05f0110f0dc71ad71b4466ce92,A,Y,0.98,4.529411764705882,3.184290483349932,0.058823529411764705,10.26,7.941,18.831,9.187,0.1169,13.19267591141457,16.251200708162997,9.058823529411764,19.831499440826335,6.638823529411765,12.184764705882351,19.831499440826335,0.6398332780427267,2.6,f,f,t,
2018-08-31,health_beauty,620c87c171fb2a6dd6e8bb4dec959fc6,A,Y,0.98,6.24,4.284468072779475,0.0,13.445,9.62,25.226,6.872,0.102,21.421875802590485,20.911843604848833,12.48,33.40713294544763,11.985257142857144,22.487177142857142,33.40713294544763,0.6759318974379643,1.6,f,f,t,
2018-08-31,housewares,729f06993dac8e860d4f02d7088ca48a,A,Y,0.98,1.5769230769230769,1.4191004734852828,0.19230769230769232,10.724,9.809,20.092,9.172,0.1034,5.797276579464668,6.51060367956391,3.1538461538461537,8.213122733310822,2.4158461538461538,4.52621978021978,8.213122733310822,0.6128032471327157,0.6,f,f,t,
2018-08-31,furniture_decor,955fee9216a65b617aa5c0531780ce60,A,Z,0.98,9.875,10.397794498583949,0.25,11.68,8.753,21.748,7.418,0.0795,37.4700177772046,43.34357430902469,19.75,53.94716063434746,16.47714285714286,30.68021428571429,53.94716063434746,0.4580563197037427,2.6,f,f,t,
2018-08-31,furniture_decor,77530e9772f57a62c906e1c21538ab82,A,Y,0.98,5.48,3.92767955244145,0.0,15.005,10.052,25.97,6.855,0.0863,20.016807640747988,19.049238256888355,10.96,31.76357906931942,11.74677142857143,20.3308,31.76357906931942,0.6518911086453538,1.6,f,f,t,
2018-08-31,sports_leisure,4d6d651bd7684af3fffabd5f08d12e5a,A,Y,0.98,5.88,3.9298006734862945,0.0,13.047,7.506,26.047,9.126,0.0394,17.002473171468303,22.141446549835266,11.76,27.961953171468302,10.95948,21.87948,27.961953171468302,0.5800242991214882,1.6,f,f,t,
2018-08-31,audio,7d13fca15225358621be4086e1eb0964,A,Y,0.98,2.0,1.954016841836789,0.2608695652173913,16.447,9.394,27.34,7.974,0.1489,8.25978566781859,9.208336134090636,4.0,12.958928524961447,4.699142857142857,7.811428571428571,12.958928524961447,0.4453712299946512,3.6,f,f,t,
2018-08-31,cool_stuff,7a67c85e85bb2ce8582c35f2203ad736,A,Y,0.98,6.32,4.913586605864736,0.0,11.361,9.805,23.163,6.924,0.054,22.26699906087604,22.40093874919001,12.64,32.52435906087604,10.25736,20.91288,32.52435906087604,0.6666602841632261,1.6,f,f,t,
2018-08-31,watches_gifts,634964b17796e64304cadf1ad3050fb7,A,Y,0.98,6.5,4.754860213736458,0.0,14.196,7.972,24.844,6.229,0.0909,20.603974150140054,21.89887462863206,13.0,33.785974150140056,13.182,23.069428571428574,33.785974150140056,0.544449887988845,2.6,f,f,t,
2018-08-31,bed_bath_table,7ad32824caee82087b3e2e5f33b1bf32,A,Y,0.98,6.384615384615385,4.570137180233636,0.038461538461538464,11.4,8.632,21.956,8.422,0.1167,20.122649418381695,22.917294392717945,12.76923076923077,30.52045161618389,10.397802197802198,20.0258021978022,30.52045161618389,0.645684905588601,0.6,f,f,t,
2018-08-31,watches_gifts,4869f7a5dfa277a7dca6462dcf3b52b2,A,Y,0.98,19.52,11.154670172921595,0.0,14.924,9.656,26.064,7.264,0.1075,64.62985425862132,60.70232652278979,39.04,106.24649425862133,41.616640000000004,72.6813257142857,106.24649425862133,0.7321269601799801,1.6,f,f,t,
2018-08-31,computers_accessories,a1043bafd471dff536d0c462352beb48,A,Y,0.98,6.4,4.949747468305833,0.0,13.271,8.433,26.56,6.531,0.0512,21.134188305102004,23.291290089364963,12.8,33.26767401938772,12.133485714285715,24.283428571428573,33.26767401938772,0.5613731223117662,1.6,f,f,t,
2018-08-31,bed_bath_table,8160255418d5aaa7dbdc9f4c64ebda44,A,X,0.98,7.52,3.618471132029843,0.0,16.785,12.382,24.27,6.555,0.1531,29.643358032503645,20.015931746576452,15.04,47.675243746789356,18.03188571428571,26.072914285714283,47.675243746789356,0.8492999406971512,1.6,f,f,t,
2018-08-31,musical_instruments,d23019c84ffae2d5ef2270367b8605fc,A,Y,0.98,1.2,0.9128709291752769,0.24,11.205,7.797,25.59,7.308,0.0256,3.6279371379181637,4.412424169160278,2.4,5.548794280775306,1.9208571428571428,4.386857142857143,5.548794280775306,0.5725279141832456,1.6,f,f,t,
2018-08-31,home_appliances,d91fb3b7d041e83b64a00a3edfb37e4f,A,X,0.98,12.44,5.164623251829056,0.0,11.178,7.502,23.843,10.244,0.0388,30.485485154214253,42.20326993444089,24.88,50.35038801135711,19.86490285714286,42.37241714285714,50.35038801135711,0.8066911096017317,1.6,f,f,t,
2018-08-31,perfumery,fe2032dab1a61af8794248c8196565c9,A,Y,0.98,4.04,2.406241883103193,0.04,10.586,12.184,21.672,8.52,0.0828,15.668350791744958,13.326481830661537,8.08,21.777985077459242,6.109634285714286,12.50784,21.777985077459242,0.8495609670242691,1.6,f,f,t,
2018-08-31,office_furniture,17a053fcb14bd219540cbde0df490be0,A,Y,0.98,3.4166666666666665,2.430184581765195,0.041666666666666664,11.958,9.496,22.217,8.087,0.0559,11.539724806740049,12.032366261970763,6.833333333333333,17.376367663882906,5.8366428571428575,10.844011904761903,17.376367663882906,0.6804470586986067,2.6,f,f,t,
2018-08-31,health_beauty,ccc4bbb5f32a6ab2b7066a4130f114e3,A,Y,0.98,2.52,1.6360521589077368,0.12,15.87,11.522,32.668,8.825,0.0652,9.90784883726303,9.760159441480642,5.04,15.621048837263029,5.7132,11.76048,15.621048837263029,0.7392591208745349,1.6,f,f,t,
2018-08-31,furniture_decor,0241d4d5d36f10f80c644447315af0bd,A,Y,0.98,6.346153846153846,3.80465302168077,0.0,10.886,7.422,23.902,7.534,0.0447,16.909125144482697,20.130918431555386,12.692307692307692,26.77830096865852,9.869175824175823,21.669395604395604,26.77830096865852,0.6679122793760474,0.6,f,f,t,
2018-08-31,watches_gifts,2eb70248d66e0e3ef83659f71b244378,A,Z,0.98,7.533333333333333,12.771993169580446,0.3333333333333333,19.549,8.469,31.018,12.09,0.0708,47.66413975684248,61.341967854871,15.066666666666666,68.7025873758901,21.03844761904762,33.38127619047619,68.7025873758901,0.15422462686401048,6.6,f,f,t,
2018-08-31,housewares,955fee9216a65b617aa5c0531780ce60,A,Z,0.98,6.461538461538462,6.676710383000114,0.0,10.65,8.14,20.89,9.166,0.0717,22.895462291571626,29.378092853596,12.923076923076923,32.72623152234085,9.830769230769231,19.283076923076923,32.72623152234085,0.45427669289167905,0.6,f,f,t,
2018-08-31,garden_tools,1f50f920176fa81dab994f9023523100,A,Y,0.98,19.76,13.414171610651179,0.0,15.485,9.245,26.284,6.227,0.0778,67.46566104964175,64.44429341226112,39.52,111.17760390678461,43.71194285714286,74.19597714285715,111.17760390678461,0.6311328180487495,1.6,f,f,t,
2018-08-31,computers,7681ef142fd2c19048da7430856b5588,A,Z,0.98,1.9047619047619047,2.142539659020619,0.2857142857142857,10.375,10.512,20.225,9.349,0.05,7.950336681303387,9.12355997330831,3.8095238095238093,10.773465933004067,2.82312925170068,5.503401360544218,10.773465933004067,0.5459836890587069,1.6,f,f,t,
2018-08-31,cool_stuff,ceaec5548eefc6e23e6607c5435102e7,A,X,0.98,6.041666666666667,2.8964621098200456,0.0,13.475,8.775,28.598,10.058,0.0559,17.608440042346118,21.50409874742951,12.083333333333334,29.238648375679453,11.630208333333334,24.68279761904762,29.238648375679453,0.7803054094968622,2.6,f,f,t,
2018-08-31,health_beauty,06a2c3af7b3aee5d69171b0e14f0ee87,A,Y,0.98,15.0,11.6940155635265,0.12,17.652,9.145,28.915,7.975,0.194,55.446064727400746,60.119754431649206,30.0,93.27177901311504,37.825714285714284,61.96071428571428,93.27177901311504,0.5268743966384022,1.6,f,f,t,
2018-08-31,health_beauty,c70c1b0d8ca86052f45a432a38b73958,A,Y,0.98,15.272727272727273,10.034140854302509,0.0,7.533,6.307,16.685,8.396,0.0506,35.435826962301405,49.27099749913994,30.545454545454547,51.87146332593777,16.435636363636366,36.403636363636366,51.87146332593777,0.6360515607773835,0.6,f,f,t,
2018-08-31,computers_accessories,de722cd6dad950a92b7d4f82673f8833,A,Y,0.98,9.72,6.058877783880444,0.0,12.753,6.526,28.775,7.964,0.0333,25.06893998491871,33.94571590616948,19.44,42.777391413490136,17.70845142857143,39.95614285714286,42.777391413490136,0.5511290961055572,1.6,f,f,t,
2018-08-31,baby,5dceca129747e92ff8ef7a997dc4f8ca,A,Y,0.98,2.3529411764705883,2.343639703287075,0.23529411764705882,13.914,9.089,26.381,9.439,0.0762,9.242237074759757,11.391681954687446,4.705882352941177,13.919211864675724,4.676974789915967,8.867563025210083,13.919211864675724,0.4608915542683369,9.6,f,f,t,
2018-08-31,bed_bath_table,4a3ca9315b744ce9f8e9374361493884,A,X,0.98,15.307692307692308,5.460910039685553,0.0,14.077,8.442,23.975,6.263,0.0903,41.11513376405883,34.957164585248144,30.615384615384617,71.89890299482806,30.783769230769234,52.42884615384616,71.89890299482806,0.8503649296410267,0.6,f,f,t,
2018-08-31,health_beauty,f7ba60f8c3f99e7ee4042fdef03b70c4,A,Y,0.98,4.88,3.166491223210111,0.04,13.32,11.139,22.525,8.949,0.14,18.298188827507456,17.327866813071427,9.76,27.584131684650313,9.285942857142857,15.703142857142856,27.584131684650313,0.7596515950910622,1.6,f,f,t,
2018-08-31,sports_leisure,08633c14ef2db992c11f840f04fad4cd,A,Y,0.98,2.28,2.18936824982307,0.2,10.946,9.948,21.622,8.142,0.0541,8.71194789916481,9.59758947629725,4.56,12.27721647059338,3.565268571428571,7.042594285714285,12.27721647059338,0.5834576256220716,1.6,f,f,t,
2018-08-31,baby,7ea5bfa6c340f58f8e71fc1f0412b0d6,A,Y,0.98,2.3043478260869565,2.244888792724398,0.2608695652173913,12.787,15.619,22.957,6.769,0.0532,12.261143220465657,9.521252765040739,4.608695652173913,16.47052831363336,4.209385093167702,7.557273291925466,16.47052831363336,0.7417186485659355,3.6,f,f,t,
2018-08-31,health_beauty,04308b1ee57b6625f47df1d56f00eedf,A,Z,0.98,3.0,4.177863742936748,0.391304347826087,18.87,9.714,30.446,6.406,0.0761,16.479236465091283,18.76172153136618,6.0,24.56637932223414,8.087142857142858,13.048285714285715,24.56637932223414,0.2691926195396663,3.6,f,f,t,
2018-08-31,watches_gifts,8ae520247981aa06bc94abddf5f46d34,A,Z,0.98,1.2,1.224744871391589,0.36,10.769,6.738,27.058,8.837,0.0,3.919307324146519,5.842584713560159,2.4,5.765421609860804,1.8461142857142856,4.638514285714285,5.765421609860804,0.36635698759703106,1.6,f,f,t,
2018-08-31,pet_shop,66922902710d126a0e7d26b0e3805106,A,Y,0.98,2.32,1.9304576314093678,0.08,11.323,7.196,21.574,6.942,0.071,7.029758940721959,8.412643421476725,4.64,10.782524655007673,3.7527657142857143,7.15024,10.782524655007673,0.48548523434845525,1.6,f,f,t,
2018-08-31,stationery,aba1721a889e04decc910aa13b768ef4,A,Y,0.98,1.32,1.0295630140987,0.2,9.151,6.771,20.558,7.461,0.0698,3.5666617606766233,4.634617685633589,2.64,5.2922789035337665,1.7256171428571427,3.876651428571429,5.2922789035337665,0.5405405148588107,1.6,f,f,t,
2018-08-31,watches_gifts,966cb4760537b1404caedd472cc610a5,A,Y,0.98,3.1904761904761907,1.6917165134574887,0.0,9.985,5.966,25.522,10.04,0.0299,6.957432221281882,11.50370358139955,6.380952380952381,11.508418615839705,4.550986394557823,11.632476190476192,11.508418615839705,0.6442852038387876,3.6,f,f,t,
2018-08-31,health_beauty,edb1ef5e36e0c8cd84eb3c9b003e486d,A,Y,0.98,3.96,2.2634781495153278,0.04,11.632,9.79,25.178,7.583,0.069,12.85633002644343,12.463799298849379,7.92,19.436718597872,6.580388571428571,14.243554285714286,19.436718597872,0.7827450733411816,1.6,f,f,t,
2018-08-31,watches_gifts,93dc87703c046b603023e75222018b45,A,Z,0.98,0.8571428571428571,0.9102589898327995,0.3333333333333333,20.667,25.204,30.833,8.433,0.1,7.10577938450413,4.459950402932781,1.7142857142857142,9.63643244572862,2.53065306122449,3.7754693877551015,9.63643244572862,0.7956471938307706,5.6,f,f,t,
2018-08-31,baby,7a67c85e85bb2ce8582c35f2203ad736,A,Y,0.98,2.28,1.7204650534085255,0.12,8.77,6.12,20.99,8.839,0.03,5.692252076961859,8.508656361778911,4.56,8.548766362676144,2.8565142857142853,6.8367428571428555,8.548766362676144,0.5172528615615924,1.6,f,f,t,
2018-08-31,watches_gifts,6560211a19b47992c3666cc44a7e94c0,A,Y,0.98,28.307692307692307,16.193255956154662,0.0,9.372,7.308,21.268,8.895,0.0483,71.86567882564128,93.90408417926614,56.61538461538461,109.76563486959732,37.89995604395604,86.00685714285714,109.76563486959732,0.713282481786604,0.6,f,f,t,
2018-08-31,bed_bath_table,da8622b14eb17ae2831f4ac5b9dab84a,A,X,0.98,16.76923076923077,8.189298833515322,0.0,11.792,9.775,23.279,7.737,0.0684,52.81500208972648,48.884688376868226,33.53846153846154,81.0639691226935,28.248967032967034,55.76727472527473,81.0639691226935,0.8291704651720555,0.6,f,f,t,
2018-08-31,office_furniture,7c67e1448b00f6e969d365cea6b010ab,A,Y,0.98,17.26086956521739,11.334650779816519,0.0,22.438,12.203,33.868,10.377,0.0859,74.53895070436009,73.37207251548219,34.52173913043478,129.86743517640977,55.32848447204968,83.51301863354038,129.86743517640977,0.6873700837259966,3.6,f,f,t,
2018-08-31,watches_gifts,fa1c13f2614d7b5c4749cbc52fecda94,A,X,0.98,8.23076923076923,3.3977368033170823,0.0,13.36,9.921,23.67,7.794,0.0909,25.824547343829305,22.779310100367535,16.46153846153846,41.53355833284029,15.709010989010988,27.83175824175824,41.53355833284029,0.8606467367000957,0.6,f,f,t,
2018-08-31,furniture_decor,1025f0e2d44d7041d6cf58b6550e0bfa,A,X,0.98,30.48,12.942565433483425,0.0,12.106,7.911,23.18,7.601,0.0693,78.90981886762142,83.42630144880202,60.96,131.6228017247643,52.712982857142855,100.93234285714286,131.6228017247643,0.8037652269590569,1.6,f,f,t,
2018-08-31,watches_gifts,7d13fca15225358621be4086e1eb0964,A,Z,0.98,18.52,24.77081616203498,0.0,15.519,9.749,26.461,7.348,0.1098,92.43282070901441,106.66475912884964,37.04,133.4916607090144,41.058840000000004,70.0082457142857,133.4916607090144,0.3284341477534131,1.6,f,f,t,
2018-08-31,bed_bath_table,00ee68308b45bc5e2660cd833c3f81cc,A,Z,0.98,1.4782608695652173,1.879786380933925,0.391304347826087,8.58,8.617,19.72,5.996,0.0533,5.677652149704911,6.982142456580047,2.9565217391304346,7.48957761554342,1.8119254658385093,4.164472049689441,7.48957761554342,0.43328673913811455,3.6,f,f,t,
2018-08-31,furniture_decor,710e3548e02bc1d2831dfc4f1b5b14d4,A,Y,0.98,1.0,0.9325048082403138,0.3333333333333333,13.959,10.275,34.521,9.239,0.0685,4.049918834331629,5.043342429199475,2.0,6.044061691474486,1.994142857142857,4.931571428571429,6.044061691474486,0.5540763767935506,2.6,f,f,t,
2018-08-31,fashion_bags_accessories,cab85505710c7cb9b720bceb52b01cee,A,Y,0.98,3.269230769230769,1.9505423308955345,0.038461538461538464,9.965,7.231,25.535,10.687,0.0198,8.423137650656836,12.791176956764021,6.538461538461538,13.077121167140351,4.653983516483516,11.925686813186813,13.077121167140351,0.678014051873984,0.6,f,f,t,
2018-08-31,construction_tools_construction,6860153b69cc696d5dcfe1cdaaafcf62,A,Y,0.98,2.8,2.23606797749979,0.16,10.11,8.057,19.695,9.186,0.0732,8.61788586595997,10.783467253768091,5.6,12.66188586595997,4.044,7.877999999999999,12.66188586595997,0.589874912585022,1.6,f,f,t,
2018-08-31,construction_tools_construction,1a932caad4f9d804097d7f8e615baed1,A,Z,0.98,1.7647058823529411,1.9535036397683612,0.23529411764705882,8.767,6.937,20.867,11.446,0.1,5.7497165391219776,9.11605425865965,3.5294117647058822,7.959884606348869,2.2101680672268906,5.260588235294118,7.959884606348869,0.3902058704007599,1.6,f,f,t,
2018-08-31,sports_leisure,2e13c71026e1a39ba5cc1b86dcb679aa,A,Z,0.98,1.0,1.1902380714238083,0.4,10.321,6.923,24.5,11.774,0.0357,3.5966384791728245,5.731195011981545,2.0,5.071067050601396,1.4744285714285714,3.5,5.071067050601396,0.3189287734820846,1.6,f,f,t,
2018-08-31,pet_shop,f789d2c4f2c2eb38fc4373e7a4b35264,A,Y,0.98,1.08,1.0376254944182253,0.36,10.417,6.26,25.333,8.524,0.0417,3.2699517981985733,4.871338010565306,2.16,4.877146083912859,1.6071942857142858,3.90852,4.877146083912859,0.3679697246720362,1.6,f,f,t,
2018-08-31,sports_leisure,4c2b230173bb36f9b240f2b8ac11786e,A,Z,0.98,2.84,3.3376638536557275,0.28,12.693,7.42,21.319,6.449,0.0848,11.109720708599609,13.114032518018808,5.68,16.25945213717104,5.149731428571428,8.649422857142856,16.25945213717104,0.3096968730636585,1.6,f,f,t,
2018-08-31,audio,4869f7a5dfa277a7dca6462dcf3b52b2,A,Z,0.98,1.04,1.2069244660154448,0.4,16.393,10.668,24.5,6.592,0.1607,4.998422958927259,5.054694610185729,2.08,7.433954387498687,2.4355314285714287,3.64,7.433954387498687,0.4240970967409318,1.6,f,f,t,
2018-08-31,garden_tools,23c38debaffe4a25a30fdbd9b586a13f,A,Y,0.98,1.8333333333333333,1.823054966742557,0.2777777777777778,12.152,8.747,20.727,6.251,0.1212,6.817018073038537,7.267278459972611,3.6666666666666665,9.999684739705204,3.1826666666666665,5.4285,9.999684739705204,0.47633319062799057,3.6,f,f,t,
2018-08-31,sports_leisure,d566c37fa119d5e66c4e9052e83ee4ea,A,Y,0.98,2.5833333333333335,2.320357293826641,0.16666666666666666,5.774,4.03,16.032,7.771,0.0,5.297329380255002,9.311368685699872,5.166666666666667,7.428210332635954,2.1308809523809527,5.916571428571429,7.428210332635954,0.33247243552222955,1.6,f,f,t,
2018-08-31,health_beauty,da8622b14eb17ae2831f4ac5b9dab84a,A,X,0.98,6.038461538461538,2.986379335995603,0.038461538461538464,8.019,6.773,18.085,7.142,0.0407,13.677599280237084,16.040142114022444,12.076923076923077,20.595088291226094,6.917489010989011,15.600796703296703,20.595088291226094,0.7696506146803115,0.6,f,f,t,
2018-08-31,watches_gifts,b1fc4f64df5a0e8b6913ab38803c57a9,A,Z,0.98,2.0,2.0670576365276494,0.21739130434782608,15.595,6.811,25.372,6.711,0.1157,7.4915237155081185,8.990480853901984,4.0,11.947238001222404,4.4557142857142855,7.249142857142857,11.947238001222404,0.2846033754988783,3.6,f,f,t,
2018-08-31,computers_accessories,6973a06f484aacf400ece213dbf3d946,A,Z,0.98,3.533333333333333,5.462425764996284,0.4,14.926,9.936,22.38,6.829,0.1481,19.350709697889904,21.27178237980967,7.066666666666666,26.884785888366093,7.534076190476189,11.296571428571427,26.884785888366093,0.28333302841713653,11.6,f,f,t,
2018-08-31,electronics,2e90cb1677d35cfe24eef47d441b7c87,A,Z,0.98,1.76,1.920937271229855,0.32,13.081,9.367,23.093,7.321,0.1512,7.244291725772385,8.101647185997027,3.52,10.533228868629529,3.288937142857143,5.80624,10.533228868629529,0.4457928784923054,1.6,f,f,t,
2018-08-31,sports_leisure,c864036feaab8c1659f65ea4faebe1da,A,Z,0.98,1.0,1.1677484162422844,0.391304347826087,12.259,7.722,25.621,6.738,0.0345,3.8994418919070286,4.99599387757539,2.0,5.650727606192743,1.7512857142857143,3.660142857142857,5.650727606192743,0.3375618051524104,3.6,f,f,t,
2018-08-31,health_beauty,fad44952713764836814be105382aee5,A,Y,0.98,0.9583333333333334,0.9078961186825509,0.375,10.719,6.065,22.688,8.185,0.0,2.869113430249515,4.069979661277278,1.9166666666666667,4.336595573106658,1.4674821428571427,3.106095238095238,4.336595573106658,0.35326285489015236,2.6,f,f,t,
2018-08-31,telephony,8d956fec2e4337affcb520f56fd8cbfd,B,Y,0.95,1.72,1.6960738977611403,0.28,7.66,4.868,17.14,8.106,0.06,3.5196175351678862,5.4580476041671755,3.44,5.401788963739315,1.8821714285714286,4.211542857142858,5.401788963739315,0.31248237084420866,1.6,f,f,t,
2018-08-31,drinks,9b013e03b2ab786505a1d3b5c0756754,B,Z,0.95,2.0833333333333335,2.2246966899599685,0.3333333333333333,7.611,4.728,19.241,7.922,0.0185,4.462778418095226,7.200453195688493,4.166666666666667,6.727956989523797,2.2651785714285713,5.726488095238095,6.727956989523797,0.26898015914725465,2.6,f,f,t,
2018-08-31,garden_tools,1127b7f2594683f2510f1c2c834a486b,B,Z,0.95,1.28,1.5416441439796236,0.36,10.492,7.59,21.2,6.958,0.0583,3.853492420268346,4.884052921259914,2.56,5.772029563125489,1.918537142857143,3.8765714285714283,5.772029563125489,0.35095618983529875,1.6,f,f,t,
2018-08-31,pet_shop,f8db351d8c4c4c22c6835c19a46f01b0,B,Y,0.95,1.64,1.5513435037626795,0.28,7.776,5.135,19.835,7.796,0.0118,3.3390161353274097,5.241777886111758,3.28,5.160821849613123,1.821805714285714,4.647057142857142,5.160821849613123,0.35122869499932063,1.6,f,f,t,
2018-08-31,auto,1d4587203296c8f4ad134dc286fa6db0,B,Z,0.95,1.2692307692307692,1.3132461249192342,0.34615384615384615,9.366,8.476,20.634,8.16,0.0244,3.554355240290458,4.435854149197255,2.5384615384615383,5.252586009521227,1.698230769230769,3.7413296703296703,5.252586009521227,0.5058244884458569,0.6,f,f,t,
2018-08-31,telephony,2138ccb85b11a4ec1e37afbd1c8eda1f,B,Y,0.95,2.4615384615384617,1.964296703265965,0.15384615384615385,11.084,7.542,23.515,8.488,0.0476,5.963224329232836,7.692334030252097,4.923076923076923,9.860894658903167,3.89767032967033,8.26901098901099,9.860894658903167,0.5351585238799315,0.6,f,f,t,
2018-08-31,pet_shop,c013e57c075a06e5b5c48ee03c525719,B,Z,0.95,1.72,1.9689252567496478,0.28,9.333,5.419,20.889,7.532,0.0667,4.333702382241744,6.369150989483546,3.44,6.6269538108131725,2.2932514285714287,5.132725714285714,6.6269538108131725,0.25540856903226744,1.6,f,f,t,
2018-08-31,housewares,e333046ce6517bd8bb510291d44f0130,B,Z,0.95,1.24,1.2999999999999998,0.32,9.623,8.039,22.962,7.055,0.0566,3.4310832950956494,4.384557835598736,2.48,5.135729009381364,1.704645714285714,4.0675542857142855,5.135729009381364,0.46606161787508016,1.6,f,f,t,
2018-08-31,bed_bath_table,602044f2c16190c2c6e45eb35c2e21cb,B,Y,0.95,1.16,1.0677078252031311,0.28,15.8,9.991,23.927,7.373,0.2,3.7918512485549964,3.8185786288086794,2.32,6.41013696284071,2.618285714285714,3.965045714285714,6.41013696284071,0.5158099863368555,1.6,f,f,t,
2018-08-31,fashion_shoes,7142540dd4c91e2237acb7e911c4eba2,B,Z,0.95,0.95,1.145931016569864,0.35,17.416,8.239,36.97,7.965,0.0297,3.4959994126512433,4.68244310572439,1.9,5.859599412651243,2.3636,5.017357142857143,5.859599412651243,0.27676549703997455,6.6,f,f,t,
2018-08-31,furniture_decor,ff063b022a9a0aab91bad2c9088760b7,B,Y,0.95,0.7916666666666666,0.7790276362049132,0.375,10.0,7.22,22.51,7.893,0.0408,2.0370482797742038,2.7268919432578422,1.5833333333333333,3.1680006607265847,1.130952380952381,2.5457738095238094,3.1680006607265847,0.43472528677238925,2.6,f,f,t,
2018-08-31,sports_leisure,dee656f0f566ed1aa85bd137c943f08f,B,Z,0.95,1.05,1.190974832912761,0.35,11.424,6.787,27.121,9.236,0.0303,3.011155577112913,4.478989345290952,2.1,4.724755577112913,1.7136,4.06815,4.724755577112913,0.3092618436513225,6.6,f,f,t,
2018-08-31,health_beauty,f84a00e60c73a49e7e851c9bdca3a5bb,B,Y,0.95,1.5238095238095237,1.3645163106041502,0.23809523809523808,10.636,7.947,22.216,5.447,0.0909,3.968766308839066,4.448754887318224,3.0476190476190474,6.284086036730223,2.3153197278911564,4.836136054421769,6.284086036730223,0.5140616101490412,5.6,f,f,t,
2018-08-31,baby,aafe36600ce604f205b86b5084d3d767,B,Z,0.95,1.25,1.2597446256043843,0.2916666666666667,12.369,7.139,25.563,6.276,0.0388,3.4617513968681064,4.367803123639183,2.5,5.670501396868106,2.2087499999999998,4.564821428571428,5.670501396868106,0.36691162445946773,2.6,f,f,t,
2018-08-31,computers_accessories,f262cbc1c910c83959f849465454ddd3,B,Y,0.95,2.238095238095238,2.047065262876636,0.23809523809523808,8.078,7.809,18.333,7.459,0.0392,5.472592787333675,6.714220837187669,4.476190476190476,8.05535469209558,2.5827619047619046,5.861571428571428,8.05535469209558,0.5631448776856182,5.6,f,f,t,
2018-08-31,telephony,92eb0f42c21942b6552362b9b114707d,B,Y,0.95,3.68,2.4276188608044165,0.08,13.877,7.814,24.386,8.315,0.0482,8.790078853479113,10.355928171935435,7.36,16.085415996336256,7.295337142857143,12.820068571428571,16.085415996336256,0.5909018403984865,1.6,f,f,t,
2018-08-31,toys,f8db351d8c4c4c22c6835c19a46f01b0,B,Y,0.95,1.0,0.8660254037844386,0.32,12.0,8.022,23.462,7.627,0.0769,2.6517521333092233,3.1643459685111943,2.0,4.366037847594938,1.7142857142857142,3.351714285714286,4.366037847594938,0.5053100024338749,1.6,f,f,t,
2018-08-31,health_beauty,1eade46fba20122dc4aefb379f8c636b,B,Z,0.95,1.35,1.5312533566021214,0.35,12.067,11.732,19.587,6.834,0.12,4.978597275331766,4.738204937150694,2.7,7.3058044181889095,2.327207142857143,3.777492857142857,7.3058044181889095,0.5587995979458671,6.6,f,f,t,
2018-08-31,housewares,9f505651f4a6abe901a56cdc21508025,B,Z,0.95,1.4782608695652173,1.6478516376673131,0.391304347826087,6.794,10.194,17.471,9.176,0.0294,4.4349852880875735,5.338129991046523,2.9565217391304346,5.869743052062729,1.4347577639751552,3.689527950310559,5.869743052062729,0.6374784193065317,2.6,f,f,t,
2018-08-31,telephony,c9c7905cffc4ef9ff9f113554423e671,B,Z,0.95,1.08,1.2884098726725126,0.4,10.844,10.451,20.756,8.4,0.0667,3.7405649191603256,4.226266674171303,2.16,5.413639204874611,1.6730742857142857,3.202354285714286,5.413639204874611,0.5027444060484096,1.6,f,f,t,
2018-08-31,fashion_bags_accessories,0cbcee27c791afa0cdcb08587a2013a8,B,Y,0.95,0.8666666666666667,0.8338093878327919,0.4,12.276,7.06,28.586,6.625,0.069,2.316437186779576,3.082485659769884,1.7333333333333334,3.8363229010652904,1.5198857142857145,3.5392190476190475,3.8363229010652904,0.385239637643251,11.6,f,f,t,
2018-08-31,fashion_bags_accessories,643214e62b870443ccbe55ab29a4dccf,B,Y,0.95,1.32,0.8524474568362947,0.2,9.578,7.474,20.719,8.375,0.0938,2.839766144863358,3.545021297555067,2.64,4.6459032877205,1.8061371428571427,3.907011428571429,4.6459032877205,0.6664189352626289,1.6,f,f,t,
2018-08-31,furniture_decor,6edacfd9f9074789dad6d62ba7950b9c,B,Y,0.95,0.96,0.8888194417315589,0.36,9.205,6.438,21.0,7.413,0.0492,2.2180580168283965,3.0345462697574117,1.92,3.4804580168283965,1.2624,2.88,3.4804580168283965,0.4287035117654723,1.6,f,f,t,
2018-08-31,sports_leisure,669ae81880e08f269a64487cfb287169,B,Y,0.95,1.6,1.5008769366431642,0.25,11.639,6.404,27.049,5.126,0.0328,3.991307570180299,5.221541318382853,3.2,6.6516504273231565,2.660342857142857,6.182628571428571,6.6516504273231565,0.3638904464025244,6.6,f,f,t,
2018-08-31,electronics,5656537e588803a555b8eb41f07a944b,B,Y,0.95,2.4,1.5275252316519465,0.08,11.556,8.324,22.089,7.74,0.0889,5.697225404385462,6.242907434823224,4.8,9.659282547242604,3.9620571428571427,7.573371428571427,9.659282547242604,0.678919457797835,1.6,f,f,t,
2018-08-31,sports_leisure,0be8ff43f22e456b4e0371b2245e4d01,B,Z,0.95,1.1153846153846154,1.6811168448843306,0.38461538461538464,9.029,5.779,21.162,8.251,0.0588,3.4866481914106173,5.2718405320033455,2.230769230769231,4.9253350045974305,1.4386868131868131,3.3719670329670333,4.9253350045974305,0.18871084758289727,0.6,f,f,t,
2018-08-31,pet_shop,af3ef48d0e13835e529c29ac573c63e5,B,Y,0.95,1.3333333333333333,1.2344267996967353,0.2,7.95,3.677,19.05,9.076,0.05,2.451409038169247,4.3938090737804565,2.6666666666666665,3.965694752454961,1.5142857142857142,3.6285714285714286,3.965694752454961,0.22084704902516936,1.6,f,f,t,
2018-08-31,fashion_bags_accessories,0ea22c1cfbdc755f86b9b54b39c16043,B,Y,0.95,1.48,1.1590225767142472,0.28,10.895,6.35,26.903,8.504,0.0042,3.2455343891173354,4.765983384139264,2.96,5.549048674831621,2.3035142857142854,5.688062857142857,5.549048674831621,0.4629743008625727,1.6,f,f,t,
2018-08-31,telephony,ef506c96320abeedfb894c34db06f478,B,Y,0.95,1.84,1.5459624833740306,0.2,13.448,10.829,24.422,7.831,0.085,5.860385141408151,5.832976647946266,3.68,9.395287998551009,3.5349028571428573,6.419497142857143,9.395287998551009,0.6382906311455384,1.6,f,f,t,
2018-08-31,costruction_tools_garden,8bb48dc19fccaa8613b6229bf7f452a2,B,Y,0.95,1.1428571428571428,0.8535639569308375,0.2857142857142857,10.59,5.861,23.82,6.485,0.0164,2.3365481247281648,3.1209900514581546,2.2857142857142856,4.065527716564899,1.7289795918367346,3.8889795918367347,4.065527716564899,0.4537705531352537,5.6,f,f,t,
2018-08-31,bed_bath_table,1dc2de47ee26a0a5b12dc14fd6dc0dea,B,Z,0.95,0.84,0.8981462390204987,0.4,14.63,6.94,23.556,7.002,0.037,2.5372842483653475,3.042113017365125,1.68,4.292884248365348,1.7556000000000003,2.82672,4.292884248365348,0.29147257645573754,1.6,f,f,t,
2018-08-31,garden_tools,f918546be4bec7104d117789ba758b2b,B,Y,0.95,1.1176470588235294,1.0537049480984033,0.35294117647058826,11.913,9.105,22.13,7.552,0.1304,3.2909079820607277,3.6647488684601384,2.235294117647059,5.192983612312829,1.902075630252101,3.5333613445378154,5.192983612312829,0.5279541583518098,9.6,f,f,t,
2018-08-31,stationery,955fee9216a65b617aa5c0531780ce60,B,Y,0.95,1.0909090909090908,0.8111773283374345,0.22727272727272727,13.878,12.221,23.918,8.524,0.1224,3.6528868061737807,3.2950526117311116,2.1818181818181817,5.815692000978975,2.1628051948051947,3.727480519480519,5.815692000978975,0.7354897321209232,4.6,f,f,t,
2018-08-31,housewares,98dac6635aee4995d501a3972e047414,B,Z,0.95,2.923076923076923,4.672670131075609,0.23076923076923078,8.592,5.126,19.902,6.706,0.0272,9.214314465459287,13.753815850990263,5.846153846153846,12.80218259732742,3.587868131868132,8.310725274725275,12.80218259732742,0.14600578593290053,0.6,f,f,t,
2018-08-31,housewares,99a54764c341d5dc80b4a8fac4eba3fb,B,Z,0.95,3.263157894736842,3.445481828313678,0.10526315789473684,6.79,5.945,16.968,8.408,0.1613,7.2065623870065485,10.927916301897218,6.526315789473684,10.371825544901284,3.165263157894737,7.909894736842105,10.371825544901284,0.4001124150212199,0.6,f,f,t,
2018-08-31,health_beauty,beadbee30901a7f61d031b6b686095ad,B,Z,0.95,5.2727272727272725,6.98700091728789,0.2727272727272727,13.897,10.556,23.879,10.171,0.2241,20.81508661514462,24.685294785195634,10.545454545454545,31.28295674501475,10.46787012987013,17.98677922077922,31.28295674501475,0.3947947499054423,1.6,f,f,t,
2018-08-31,construction_tools_construction,960945e1a9535cbc0cd6ddd35fbe7ae8,B,Y,0.95,1.5625,0.963932916061417,0.125,6.32,3.945,16.6,9.504,0.0,2.0898876928398984,4.2588406932530365,3.125,3.500601978554184,1.4107142857142858,3.705357142857143,3.500601978554184,0.48033762208397,1.6,f,f,t,
2018-08-31,musical_instruments,83deb69e889cf80f82be1dc6d5f2d486,B,Z,0.95,1.0434782608695652,1.1862186242450963,0.34782608695652173,15.738,5.618,27.619,7.122,0.0476,3.233693853765192,4.250921403250224,2.0869565217391304,5.579731120845937,2.346037267080745,4.1171180124223605,5.579731120845937,0.18146418072602258,3.6,f,f,t,
2018-08-31,computers_accessories,d5ba419e26d246a0719437cf37d9b46d,B,Z,0.95,1.08,1.1874342087037917,0.36,9.824,8.764,18.882,10.513,0.0882,3.2094339759450685,4.172315369193383,2.16,4.725136833087926,1.5157028571428572,2.9132228571428573,4.725136833087926,0.4802349799839784,1.6,f,f,t,
2018-08-31,sports_leisure,440dd6ab244315c632130ecfb63827b1,B,Y,0.95,0.8636363636363636,0.8335497554466647,0.36363636363636365,16.713,11.439,26.655,6.699,0.1379,3.14278088824682,3.0010448742045157,1.7272727272727273,5.204774394740326,2.061993506493507,3.288603896103896,5.204774394740326,0.5455922427431629,4.6,f,f,t,
2018-08-31,bed_bath_table,972d0f9cf61b499a4812cf0bfa3ad3c4,B,Z,0.95,1.4,1.632993161855452,0.32,18.093,8.785,27.849,6.118,0.1163,5.196180974992911,5.7231310001891025,2.8,8.81478097499291,3.6185999999999994,5.5698,8.81478097499291,0.30933531210885024,1.6,f,f,t,
2018-08-31,bed_bath_table,951e8cef368f09bb3f3d03c00ca4702c,B,Y,0.95,2.8421052631578947,2.007296631313337,0.10526315789473684,8.852,4.939,19.852,8.311,0.0556,4.966401961540956,7.856382695043858,5.684210526315789,8.56044707432291,3.5940451127819553,8.060210526315789,8.56044707432291,0.44109594982902395,1.6,f,f,t,
2018-08-31,perfumery,d9bd94811c3338dceb4181f3dbc0c73e,B,Y,0.95,1.6666666666666667,1.2309149097933272,0.08333333333333333,6.8,6.058,14.75,8.949,0.05,3.1001560787259015,4.573930715122614,3.3333333333333335,4.719203697773521,1.619047619047619,3.5119047619047623,4.719203697773521,0.5856624130193553,1.6,f,f,t,
2018-08-31,sports_leisure,6b243f80ed07b10f0e8aa0f21a205f3c,B,Y,0.95,1.64,1.3503086067019396,0.2,10.944,8.401,25.371,8.095,0.0337,4.265406323525516,5.254635772137323,3.28,6.829429180668374,2.564022857142857,5.944062857142856,6.829429180668374,0.5760859482517828,1.6,f,f,t,
2018-08-31,health_beauty,ad420dd0c4f92f8af951ac24b86d0cf5,B,Y,0.95,0.96,0.9345230512584125,0.4,11.644,13.878,26.222,5.95,0.0444,3.7055448816794345,3.2638483097717117,1.92,5.302436310250863,1.5968914285714286,3.59616,5.302436310250863,0.7137572133002956,1.6,f,f,t,
2018-08-31,housewares,4c18691b6037662be2df78a765d98ab5,B,Y,0.95,2.230769230769231,1.7506042912706983,0.23076923076923078,8.831,6.196,20.763,9.71,0.0339,4.583530576792932,7.1063332907999275,4.461538461538462,7.397805302067658,2.8142747252747253,6.61678021978022,7.397805302067658,0.5021000644913016,0.6,f,f,t,
2018-08-31,sports_leisure,6d803cb79cc31c41c4c789a75933b3c7,B,Y,0.95,1.6428571428571428,1.3363062095621219,0.21428571428571427,12.742,9.022,26.894,7.74,0.0606,4.574328039604394,5.243059047960366,3.2857142857142856,7.564797427359496,2.9904693877551023,6.311857142857142,7.564797427359496,0.5797076983440624,12.6,f,f,t,
2018-08-31,sports_leisure,2e1c9f22be269ef4643f826c9e650a52,B,Y,0.95,1.16,1.106044001535804,0.32,9.194,5.217,21.075,7.821,0.0299,2.5237520145911168,3.8091260361284407,2.32,4.04732915744826,1.523577142857143,3.492428571428571,4.04732915744826,0.31748464684083916,1.6,f,f,t,
2018-08-31,bed_bath_table,b2479f944e1b90cf8a5de1bbfde284d6,B,Y,0.95,3.12,2.9484459183327973,0.08,15.597,10.557,23.726,7.133,0.121,10.597610978851288,10.347326104049293,6.24,17.549416693137,6.951805714285714,10.575017142857142,17.549416693137,0.533375076624351,1.6,f,f,t,
2018-08-31,furniture_decor,d6b1ce66b035a475f00c017792ff9769,B,Y,0.95,1.55,1.538112308540638,0.35,11.774,8.317,23.71,8.904,0.129,4.4656571489187495,5.674261900646355,3.1,7.0727571489187495,2.6071,5.250071428571429,7.0727571489187495,0.46013416281560027,1.6,f,f,t,
2018-08-31,computers_accessories,00fc707aaaad2d31347cf883cd2dfe10,B,Z,0.95,1.8666666666666667,2.2318047362958033,0.3333333333333333,15.704,7.869,31.237,6.702,0.037,6.492004815792751,8.293264566293656,3.7333333333333334,10.679738149126084,4.187733333333333,8.329866666666666,10.679738149126084,0.28266588861369624,11.6,f,f,t,
2018-08-31,bed_bath_table,2528513dd95219a6013d4d05176e391a,B,Z,0.95,1.56,1.7578395831246945,0.36,9.791,8.665,21.866,7.175,0.0299,4.667156976558666,5.747363869631583,3.12,6.849151262272953,2.181994285714286,4.872994285714285,6.849151262272953,0.4631694942668287,1.6,f,f,t,
2018-08-31,electronics,128639473a139ac0f3e5f5ade55873a5,B,Y,0.95,5.708333333333333,4.206404709453211,0.0,14.359,7.466,26.521,5.195,0.0449,14.088540528292441,15.163372141659226,11.416666666666666,25.79796314734006,11.709422619047618,21.627244047619048,25.79796314734006,0.505267127756826,2.6,f,f,t,
2018-08-31,pet_shop,e067ad2c1c0b48758eb1b5228bcf7a68,B,Y,0.95,1.375,1.3452816094393218,0.2916666666666667,14.361,9.23,24.967,8.834,0.0656,4.351872643188652,5.060717720995105,2.75,7.172783357474366,2.820910714285714,4.9042321428571425,7.172783357474366,0.46958571530607496,2.6,f,f,t,
2018-08-31,computers_accessories,897060da8b9a21f655304d50fd935913,B,Z,0.95,3.7333333333333334,5.509299497429864,0.13333333333333333,14.736,9.561,24.216,5.11,0.1106,15.59560128092831,17.440827191695092,7.466666666666667,23.45480128092831,7.859200000000001,12.9152,23.45480128092831,0.2892373400899775,11.6,f,f,t,
2018-08-31,housewares,17ca9b9e9b9ef8fdb529001b49ebb50f,B,Y,0.95,1.5333333333333334,1.4573295865416047,0.26666666666666666,5.13,2.634,21.565,7.354,0.0,2.2609080082065645,4.972186683265793,3.066666666666667,3.3846222939208506,1.1237142857142859,4.723761904761905,3.3846222939208506,0.176196527265048,1.6,f,f,t,
2018-08-31,food,16090f2ca825584b5a147ab24aa30c86,B,Y,0.95,4.083333333333333,2.4122273068079934,0.0,8.761,8.778,17.581,7.838,0.1026,9.520593370743667,9.80298839767505,8.166666666666666,14.631176704077,5.110583333333333,10.255583333333332,14.631176704077,0.7826205029758884,2.6,f,f,t,
2018-08-31,baby,99002261c568a84cce14d43fcffb43ea,B,Y,0.95,1.0,0.9325048082403138,0.375,17.345,7.047,27.414,5.828,0.069,2.9277156449249944,3.330022730891423,2.0,5.405572787782138,2.4778571428571428,3.9162857142857144,5.405572787782138,0.31989627984432983,2.6,f,f,t,
2018-08-31,musical_instruments,6d66611d7c44cc30ce351abc49a68421,B,Y,0.95,1.56,1.3868429375143148,0.28,12.021,7.264,23.041,9.185,0.0515,4.003297087630574,5.335202382717547,3.12,6.682262801916288,2.6789657142857144,5.134851428571429,6.682262801916288,0.4424087012723328,1.6,f,f,t,
2018-08-31,auto,b4ffb71f0cb1b1c3d63fad021ecf93e1,B,Y,0.95,2.5416666666666665,1.7440374613713625,0.125,9.628,6.502,24.659,7.725,0.0244,5.137946019168108,7.0905301016701,5.083333333333333,8.63382697154906,3.4958809523809524,8.953565476190475,8.63382697154906,0.5712293008836106,2.6,f,f,t,
2018-08-31,pet_shop,f45122a9ab94eb4f3f8953578bc0c560,B,Z,0.95,1.24,1.5885003409925138,0.4,11.891,8.155,22.912,6.963,0.0365,4.152495299174386,5.1441120894022205,2.48,6.2589010134601,2.106405714285714,4.058697142857143,6.2589010134601,0.327439776854795,1.6,f,f,t,
2018-08-31,housewares,b6d44737c043328708f6749c2dbe50bd,B,Y,0.95,1.7826086956521738,1.6775664663469694,0.2608695652173913,7.861,5.491,22.215,8.366,0.0506,3.7203171113573994,6.036874702819246,3.5652173913043477,5.722186676574791,2.0018695652173912,5.65723602484472,5.722186676574791,0.3822200305917369,3.6,f,f,t,
2018-08-31,auto,31561f325664a8a7aba4c8d0c3a9b3db,B,Y,0.95,3.272727272727273,1.848832555474351,0.0,7.472,4.595,17.444,8.667,0.0,4.728462997311227,8.214006905927771,6.545454545454546,8.221865594713824,3.4934025974025973,8.155636363636365,8.221865594713824,0.5584819052792416,2.6,f,f,t,
2018-08-31,toys,406822777a0b9eb5c50e442dd4cd3ec5,B,Z,0.95,1.24,1.3625955623979797,0.4,13.578,8.662,24.133,7.745,0.1111,4.01419148807776,4.734006629466629,2.48,6.419437202363474,2.4052457142857144,4.274988571428572,6.419437202363474,0.395313814464339,1.6,f,f,t,
2018-08-31,baby,d673a59aac7a70d8b01e6902bf090a11,B,Y,0.95,1.8,1.5275252316519468,0.28,13.841,10.326,26.073,8.156,0.0732,5.617616354034311,5.950981203636426,3.6,9.176730639748596,3.5591142857142852,6.704485714285714,9.176730639748596,0.604454384710122,1.6,f,f,t,
2018-08-31,baby,adbc26658d6c7b4b6219f9d934598091,B,Z,0.95,0.9583333333333334,1.0417028979206269,0.375,16.638,15.27,25.759,6.509,0.1207,4.336170495441219,3.598908485345085,1.9166666666666667,6.613991924012648,2.277821428571429,3.526529761904762,6.613991924012648,0.6288643799691938,2.6,f,f,t,
2018-08-31,home_construction,8a130737016f838139d31878787a39c9,B,Y,0.95,1.8421052631578947,1.675415633166782,0.2631578947368421,10.407,8.041,21.185,8.108,0.0741,4.837914618183301,5.941507841651713,3.6842105263157894,7.576598828709616,2.7386842105263156,5.574999999999999,7.576598828709616,0.5175961599862783,7.6,f,f,t,
2018-08-31,housewares,ca3bd7cd9f149df75950150d010fe4a2,B,Z,0.95,1.8695652173913044,2.735363492981358,0.391304347826087,13.198,6.996,30.244,6.297,0.0076,6.900246175273202,9.75273565564149,3.739130434782609,10.425177852291835,3.5249316770186336,8.0775900621118,10.425177852291835,0.19838558123664127,3.6,f,f,t,
2018-08-31,housewares,4830e40640734fc1c52cd21127c341d4,B,Y,0.95,2.230769230769231,1.8397324220155997,0.15384615384615385,10.085,7.417,21.559,7.841,0.0339,5.320573734827027,6.7153623515103575,4.461538461538462,8.534474833728126,3.213901098901099,6.87045054945055,8.534474833728126,0.5339583106301813,0.6,f,f,t,
2018-08-31,perfumery,058fd0aa2bfdb2274e05e1ae971dabb6,B,Y,0.95,1.5714285714285714,1.3424596091494905,0.21428571428571427,10.226,8.831,21.774,6.462,0.0806,4.213824277638594,4.567323238855231,3.142857142857143,6.509456930699819,2.295632653061225,4.888040816326531,6.509456930699819,0.5988453083837573,12.6,f,f,t,
2018-08-31,food,cbd996ad3c1b7dc71fd0e5f5df9087e2,B,Y,0.95,1.8846153846153846,1.6811168448843303,0.23076923076923078,11.563,6.518,23.927,6.353,0.0521,4.578454559100139,5.835347388633707,3.769230769230769,7.691569943715524,3.1131153846153845,6.441884615384615,7.691569943715524,0.3974612495366083,0.6,f,f,t,
2018-08-31,electronics,c003204e1ab016dfa150abc119207b24,B,Y,0.95,0.84,0.8,0.4,11.625,9.571,24.167,6.787,0.0833,2.538598759127074,2.787950136457395,1.68,3.933598759127074,1.395,2.90004,3.933598759127074,0.5537879623444631,1.6,f,f,t,
2018-08-31,bed_bath_table,1c129092bf23f28a5930387c980c0dfc,B,Y,0.95,2.391304347826087,1.8766297265136729,0.17391304347826086,11.551,6.621,21.796,7.083,0.0417,5.4372944922629465,6.745992951210981,4.782608695652174,9.383288281082823,3.9459937888198757,7.445838509316769,9.383288281082823,0.46817649382333637,3.6,f,f,t,
2018-08-31,furniture_decor,b499c00f28f4b7069ff6550af8c1348a,B,Y,0.95,1.64,0.99498743710662,0.12,10.609,9.858,21.29,7.458,0.1014,4.300156753024862,4.050510606152488,3.28,6.785693895882005,2.485537142857143,4.987942857142857,6.785693895882005,0.7804681469341269,1.6,f,f,t,
2018-08-31,stationery,2c9e548be18521d1c43cde1c582c6de8,B,Z,0.95,3.16,3.3000000000000003,0.28,13.818,14.62,20.735,7.403,0.1742,13.26687906957721,10.839348679140596,6.32,19.50471906957721,6.23784,9.36037142857143,19.50471906957721,0.6695604662241064,1.6,f,f,t,
2018-08-31,bed_bath_table,cfb1a033743668a192316f3c6d1d2671,B,Z,0.95,1.826086956521739,1.9920791768000377,0.34782608695652173,11.827,7.653,23.358,7.55,0.0894,5.378095975648922,6.806018414177847,3.652173913043478,8.463400323475009,3.085304347826087,6.093391304347826,8.463400323475009,0.3728272714905631,3.6,f,f,t,
2018-08-31,housewares,cc5a78bbad32776dc4e3af205218368c,B,Z,0.95,1.75,1.9148542155126762,0.25,8.0,5.2,23.143,9.85,0.0357,3.988719577020524,7.014568896297811,3.5,5.9887195770205235,2.0,5.78575,5.9887195770205235,0.28739169163495026,1.6,f,f,t,
2018-08-31,health_beauty,42b729f859728f5079499127a9c2ef37,B,Y,0.95,3.2,1.9364916731037085,0.08,7.794,7.581,15.01,7.655,0.1237,6.617493805602854,7.408613513322198,6.4,10.180465234174283,3.5629714285714287,6.861714285714285,10.180465234174283,0.7420348397331528,1.6,f,f,t,
2018-08-31,sports_leisure,670c26e0f1bf8d0576271d5cfaec6d2b,B,Z,0.95,1.5,2.041241452319315,0.36363636363636365,13.963,11.489,27.7,6.409,0.05,6.235796472720225,7.050688638581101,3.0,9.227867901291653,2.9920714285714283,5.935714285714285,9.227867901291653,0.4217174254513502,4.6,f,f,t,
2018-08-31,electronics,dbd66278cbfe1aa1000f90a217ca4695,B,Z,0.95,1.8,2.1408720964441885,0.36,9.125,7.099,21.3,10.289,0.05,5.018015797270886,7.528037704385927,3.6,7.364444368699457,2.3464285714285715,5.477142857142858,7.364444368699457,0.35804181313007344,1.6,f,f,t,
2018-08-31,kitchen_dining_laundry_garden_furniture,f80edd2c5aaa505cc4b0a3b219abf4b8,B,Y,0.95,1.52,1.3266499161421599,0.24,10.443,8.154,21.951,12.139,0.0,3.9478653483853074,5.807768835738782,3.04,6.215488205528164,2.267622857142857,4.766502857142858,6.215488205528164,0.5442047906070744,1.6,f,f,t,
2018-08-31,drinks,e9779976487b77c6d4ac45f75ec7afe9,B,Y,0.95,2.4615384615384617,2.1209576936991312,0.11538461538461539,10.7,10.158,20.417,7.847,0.0556,7.288709609487025,7.489943621585116,4.923076923076923,11.051346972124389,3.7626373626373626,7.179604395604397,11.051346972124389,0.649810623232041,0.6,f,f,t,
2018-08-31,bed_bath_table,259f7b5e6e482c230e5bfaa670b6bb8f,B,Z,0.95,1.6923076923076923,1.7150913857688346,0.34615384615384615,8.572,6.1,22.441,7.559,0.0132,3.9534489236844537,5.877844240448329,3.3846153846153846,6.025800572036102,2.072351648351648,5.425296703296703,6.025800572036102,0.376464904602112,0.6,f,f,t,
2018-08-31,health_beauty,2e1c9f22be269ef4643f826c9e650a52,B,Z,0.95,1.1666666666666667,1.2394482175782782,0.3333333333333333,9.898,8.731,19.235,6.817,0.0816,3.4067701932073358,3.861806825360612,2.3333333333333335,5.056436859874003,1.6496666666666666,3.2058333333333335,5.056436859874003,0.4936217775562196,2.6,f,f,t,
2018-08-31,sports_leisure,cea729054f157f5870bdd321a958d994,B,Y,0.95,1.1428571428571428,1.01418510567422,0.2857142857142857,7.208,5.357,16.917,6.606,0.0417,2.2215155068939274,3.1420542951458255,2.2857142857142856,3.39833183342454,1.1768163265306122,2.7619591836734694,3.39833183342454,0.419359921255034,2.6,f,f,t,
2018-08-31,bed_bath_table,17ca9b9e9b9ef8fdb529001b49ebb50f,B,Z,0.95,1.44,1.5022205785658334,0.28,8.694,5.398,21.718,6.81,0.0118,3.3044244288747597,4.924690209756787,2.88,5.0929044288747605,1.7884800000000003,4.467702857142857,5.0929044288747605,0.3055325817751997,1.6,f,f,t,
2018-08-31,baby,d9bd94811c3338dceb4181f3dbc0c73e,B,Z,0.95,1.6875,2.151549828999242,0.3125,6.741,4.528,18.111,10.066,0.037,3.909570260581937,6.952398710219022,3.375,5.534632760581937,1.6250624999999999,4.366044642857143,5.534632760581937,0.2109117562577182,2.6,f,f,t,
2018-08-31,construction_tools_lights,955fee9216a65b617aa5c0531780ce60,B,Z,0.95,2.0384615384615383,2.64546055318569,0.34615384615384615,6.393,4.438,17.446,9.193,0.0536,4.670299074723599,8.15969029228244,4.076923076923077,6.531996876921401,1.8616978021978021,5.0804285714285715,6.531996876921401,0.20718040960214715,0.6,f,f,t,
2018-08-31,sports_leisure,0691148aee60ca47977c187804f935ae,B,Z,0.95,1.0384615384615385,1.1825656592602114,0.38461538461538464,14.275,12.574,26.225,9.0,0.05,4.138852264277411,4.358676332354784,2.076923076923077,6.256572044497191,2.1177197802197805,3.890521978021978,6.256572044497191,0.5495741903527666,0.6,f,f,t,
2018-08-31,bed_bath_table,dc4a0fc896dc34b0d5bfec8438291c80,B,Z,0.95,0.96,1.0598742063723097,0.4,13.737,7.633,25.357,5.313,0.067,2.988149767711784,3.52786057480861,1.92,4.8720811962832125,1.8839314285714286,3.4775314285714285,4.8720811962832125,0.33203716939951056,1.6,f,f,t,
2018-08-31,housewares,dfa0c4c6229ab200a4a1336b4d7128ff,B,Y,0.95,2.411764705882353,1.3719886811400708,0.058823529411764705,9.073,4.491,23.561,8.087,0.0,3.6164325887841207,6.176216713654156,4.823529411764706,6.742424185422776,3.125991596638656,8.117655462184873,6.742424185422776,0.4952832788011528,1.6,f,f,t,
2018-08-31,health_beauty,9b013e03b2ab786505a1d3b5c0756754,B,Y,0.95,2.32,2.230844384233617,0.32,8.935,8.074,19.571,6.584,0.039,6.046507630781615,7.1083033519513705,4.64,9.0078219164959,2.961314285714286,6.486388571428572,9.0078219164959,0.5299106926615138,1.6,f,f,t,
2018-08-31,health_beauty,0df3984f9dfb3d49ac6366acbd3bbb85,B,Z,0.95,1.4,1.8439088914585773,0.3333333333333333,9.488,4.915,24.622,5.939,0.0,3.8836475039646414,6.014437366316996,2.8,5.781247503964641,1.8976,4.9243999999999994,5.781247503964641,0.17333327388155512,11.6,f,f,t,
2018-08-31,housewares,febab0275244b9a49a623f0bd613ca2f,B,Y,0.95,1.125,1.115600832462626,0.375,8.303,6.082,20.025,6.034,0.0336,2.5649532138830646,3.489556314192444,2.25,3.899363928168779,1.3344107142857142,3.218303571428571,3.899363928168779,0.39291391950855686,2.6,f,f,t,
2018-08-31,auto,6a8b085f816a1f75f92dbac6eb545f8f,B,Y,0.95,1.92,1.351542328847553,0.16,14.248,16.474,24.451,6.388,0.0752,8.080843045705908,5.0565623617234365,3.84,11.988865902848765,3.9080228571428566,6.70656,11.988865902848765,0.8459519019409208,1.6,f,f,t,
2018-08-31,bed_bath_table,f7ccf836d21b2fb1de37564105216cc1,B,Y,0.95,2.2083333333333335,1.7687914485336584,0.16666666666666666,10.521,8.78,19.732,6.702,0.0563,5.786182929746838,5.9962747947675865,4.416666666666667,9.10530792974684,3.3191250000000005,6.224976190476191,9.10530792974684,0.6200010167625256,2.6,f,f,t,
2018-08-31,furniture_decor,3df020b72d3d44b3af9d110fa3940b65,B,Z,0.95,1.7083333333333333,2.053187694816265,0.375,12.693,7.674,23.614,7.108,0.099,5.492804058370613,6.827650119151933,3.4166666666666665,8.590500486942041,3.097696428571428,5.762940476190477,8.590500486942041,0.31452780155344945,2.6,f,f,t,
2018-08-31,housewares,2ff97219cb8622eaf3cd89b7d9c09824,B,Y,0.95,1.75,1.3593476696403028,0.16666666666666666,8.349,7.693,17.047,6.859,0.0233,3.9962899880401075,4.486668668760978,3.5,6.0835399880401075,2.08725,4.26175,6.0835399880401075,0.6266311873320493,2.6,f,f,t,
2018-08-31,auto,ce616e1913288884e7742faac9d981db,C,Z,0.9,1.4666666666666666,1.959105724072909,0.3333333333333333,7.591,5.738,20.045,13.744,0.0455,3.034745353949448,5.627646577100139,2.933333333333333,4.625240592044686,1.5904952380952382,4.1999047619047625,4.625240592044686,0.2577599933662206,1.6,f,f,t,
2018-08-31,computers_accessories,36a968b544695394e4e9d7572688598f,C,Z,0.9,1.6153846153846154,1.6267002938936987,0.3076923076923077,9.889,6.557,23.123,9.424,0.0247,3.1464358762223448,4.703595139500279,3.230769230769231,5.428512799299268,2.282076923076923,5.336076923076924,5.428512799299268,0.3798398908565075,0.6,f,f,t,
2018-08-31,food_drink,282f23a9769b2690c5dda22e316f9941,C,Y,0.9,0.8,0.7637626158259734,0.4,11.286,8.11,22.679,5.74,0.0179,1.7191736794656398,1.9521074807541894,1.6,3.0090022508942114,1.2898285714285715,2.5918857142857146,3.0090022508942114,0.47737345564080125,1.6,f,f,t,
2018-08-31,books_technical,5f3ae9136c875522250f8184f253413a,C,Y,0.9,1.2,1.0408329997330663,0.28,8.125,5.331,20.4,10.631,0.05,1.853881870444053,3.2619182974095313,2.4,3.246739013301196,1.392857142857143,3.497142857142857,3.246739013301196,0.3991092867009962,1.6,f,f,t,
2018-08-31,furniture_decor,537eb890efff034a88679788b647c564,C,Y,0.9,1.3461538461538463,1.263085355541982,0.3076923076923077,9.052,4.972,21.707,7.281,0.0345,2.2112949995395366,3.368269140095307,2.6923076923076925,3.9520642303087676,1.7407692307692308,4.174423076923077,3.9520642303087676,0.30706785550559923,0.6,f,f,t,
2018-08-31,toys,d9a84e1403de8da0c3aa531d6d108ba6,C,Y,0.9,1.0,0.9325048082403138,0.3333333333333333,8.038,10.216,19.654,9.724,0.0769,2.2667314741157174,2.6793956601275393,2.0,3.415017188401432,1.1482857142857144,2.807714285714286,3.415017188401432,0.6808284721269738,2.6,f,f,t,
2018-08-31,sports_leisure,41da412d33e8da4f22baf55cb1bde82c,C,Z,0.9,1.0625,1.181453906563152,0.375,9.095,3.434,28.286,5.649,0.0,1.8506195922442839,3.235901756308731,2.125,3.2311106636728555,1.3804910714285716,4.293410714285715,3.2311106636728555,0.13028674639037008,10.6,f,f,t,
2018-08-31,fashion_bags_accessories,d57e18d5f73c7ccb7f7339b61166898d,C,Y,0.9,0.76,0.597215762238964,0.32,8.159,6.262,19.477,7.226,0.0,1.2008004956572194,1.6250448065574234,1.52,2.0866347813715054,0.8858342857142858,2.1146457142857145,2.0866347813715054,0.5264870400265445,1.6,f,f,t,
2018-08-31,perfumery,808d4348b916efa08e766ebad39f61eb,C,Y,0.9,2.5,2.2677868380553634,0.0,7.85,4.158,17.2,6.693,0.05,3.6185560898217766,5.489850692530344,5.0,6.422127518393205,2.803571428571429,6.142857142857142,6.422127518393205,0.27660145520602175,1.6,f,f,t,
2018-08-31,telephony,b76dba6c951ab00dc4edf0a1aa88037e,C,Z,0.9,1.3076923076923077,1.3496438276591576,0.38461538461538464,10.697,7.797,25.016,9.313,0.041,2.8383411435869146,3.9575946355273843,2.6153846153846154,4.836681802927574,1.9983406593406592,4.673318681318681,4.836681802927574,0.4325268897629176,0.6,f,f,t,
2018-08-31,small_appliances,6a8a889bde935bafa76d7848782dfaf9,C,Y,0.9,2.0,1.954016841836789,0.3333333333333333,7.292,7.816,18.625,7.906,0.0833,3.8370393445224873,5.006509828338945,4.0,5.9204679159510585,2.083428571428571,5.321428571428571,5.9204679159510585,0.5563046356035196,12.6,f,f,t,
2018-08-31,telephony,7d76b645482be4a332374e8223836592,C,Z,0.9,1.4166666666666667,1.442120017518492,0.2916666666666667,13.128,9.155,22.572,7.028,0.0833,3.470428114848585,3.7863735471613396,2.8333333333333335,6.1272852577057275,2.656857142857143,4.568142857142857,6.1272852577057275,0.46812521322989376,2.6,f,f,t,
2018-08-31,sports_leisure,9b00ed88b7fdb95d6ff76e27c1b52d16,C,Z,0.9,1.0,1.0289915108550531,0.3888888888888889,9.149,8.534,19.936,6.648,0.0638,2.1711585265527025,2.5365290897357573,2.0,3.4781585265527024,1.307,2.848,3.4781585265527024,0.5178432253570635,8.6,f,f,t,
2018-08-31,computers_accessories,18e694e0e48ed6f7aa3f24aade5fd697,C,Z,0.9,2.6363636363636362,2.838053109888089,0.18181818181818182,6.172,3.546,19.0,7.005,0.0345,3.820095499772086,6.880235323714162,5.2727272727272725,6.144614980291566,2.32451948051948,7.1558441558441555,6.144614980291566,0.20073159650754094,1.6,f,f,t,
2018-08-31,auto,116ccb1a1604bc88e4d234a8c23f33de,C,Z,0.9,1.2,1.3228756555322951,0.4,8.643,5.773,18.964,8.211,0.0357,2.2709770886741936,3.322739163253644,2.4,3.752634231531337,1.481657142857143,3.2509714285714284,3.752634231531337,0.3119005873204689,1.6,f,f,t,
2018-08-31,books_general_interest,1bb2bdb95f4841f1bba2c0d2cd83d3c9,C,Y,0.9,1.0,0.9780192938436515,0.3333333333333333,11.778,7.059,23.944,9.447,0.0833,2.076882456343843,2.8922191258302554,2.0,3.7594538849152714,1.6825714285714286,3.4205714285714284,3.7594538849152714,0.38720291585370276,2.6,f,f,t,
2018-08-31,computers_accessories,8d956fec2e4337affcb520f56fd8cbfd,C,Z,0.9,1.0833333333333333,1.138903617201808,0.375,10.0,7.13,22.438,9.893,0.0938,2.2456825318914153,3.2678080577055044,2.1666666666666665,3.7933015795104628,1.5476190476190474,3.4725476190476186,3.7933015795104628,0.39653601837554875,2.6,f,f,t,
2018-08-31,toys,1da3aeb70d7989d1e6d9b0e887f97c23,C,Z,0.9,1.1666666666666667,1.2740441145412122,0.375,8.041,5.16,20.041,7.047,0.0204,2.0681001253310476,3.1461082526883972,2.3333333333333335,3.4082667919977148,1.340166666666667,3.3401666666666667,3.4082667919977148,0.284004977505504,2.6,f,f,t,
2018-08-31,consoles_games,37515688008a7a40ac93e3b2e4ab203f,C,Z,0.9,1.45,1.820208200931103,0.35,15.034,8.204,23.03,5.107,0.0802,4.053366872145672,4.443011295505277,2.9,7.167552586431386,3.114185714285714,4.7705,7.167552586431386,0.2886898875761664,6.6,f,f,t,
2018-08-31,books_imported,7c5b05cbdb5542049f38d90d7815b97d,C,Y,0.9,1.9166666666666667,1.5642792899510294,0.16666666666666666,7.652,4.687,20.043,7.613,0.0435,2.664229026783379,4.317813922163609,3.8333333333333335,4.759419502973856,2.0951904761904765,5.487964285714285,4.759419502973856,0.3810799211471729,7.6,f,f,t,
2018-08-31,perfumery,3c7c4a49ec3c6550809089c6a2ca9370,C,Z,0.9,1.25,1.3269776053940743,0.3333333333333333,9.652,9.405,19.089,6.401,0.057,2.9360085872717363,3.167383135195982,2.5,4.659580015843165,1.7235714285714285,3.40875,4.659580015843165,0.5374017468580337,2.6,f,f,t,
2018-08-31,electronics,0ed6ce5d87fd9c69eaacaeb778d67235,C,Y,0.9,1.25,1.1832159566199232,0.3125,12.45,10.247,30.85,10.619,0.05,3.096544302282326,4.004877156747698,2.5,5.319758587996612,2.2232142857142856,5.508928571428572,5.319758587996612,0.5735020751754698,1.6,f,f,t,
2018-08-31,consoles_games,080102cd0a76b09e0dcf55fcacc60e05,C,Z,0.9,1.08,1.1874342087037917,0.36,9.071,5.263,18.321,5.963,0.0,2.0208373135427586,2.729669748589569,2.16,3.420363027828473,1.3995257142857143,2.8266685714285718,3.420363027828473,0.2651719836546033,1.6,f,f,t,
2018-08-31,baby,bbad7e518d7af88a0897397ffdca1979,C,Y,0.9,1.2173913043478262,0.9980217586956908,0.21739130434782608,12.667,6.718,23.044,8.586,0.1333,2.280821795600773,3.007877237028003,2.4347826086956523,4.483778317339903,2.2029565217391305,4.007652173913044,4.483778317339903,0.43095683369150806,3.6,f,f,t,
2018-08-31,housewares,0bae85eb84b9fb3bd773911e89288d54,C,Y,0.9,0.9047619047619048,0.7684244858645451,0.3333333333333333,9.896,4.573,25.312,5.939,0.013,1.3945530861810838,2.1153022240371353,1.8095238095238095,2.6736279161130567,1.279074829931973,3.2716190476190476,2.6736279161130567,0.29503735361805905,5.6,f,f,t,
2018-08-31,audio,7040e82f899a04d1b434b795a43b4617,C,Z,0.9,2.1538461538461537,2.3098451496549752,0.15384615384615385,9.622,7.384,19.939,8.636,0.0816,4.53021703597409,6.046199117569323,4.3076923076923075,7.4908324205894745,2.9606153846153846,6.135076923076922,7.4908324205894745,0.41309582641399656,0.6,f,f,t,
2018-08-31,housewares,4992e76a42cb3aad7a7047e0d3d7e729,C,Y,0.9,1.125,1.034723235417589,0.2916666666666667,8.176,6.649,18.897,6.419,0.0588,1.9822271401906109,2.548500596378523,2.25,3.2962271401906107,1.3139999999999998,3.0370178571428568,3.2962271401906107,0.47729508869977394,2.6,f,f,t,
2018-08-31,toys,de23c3b98a88888289c6f5cc1209054a,A,Z,0.98,0.8695652173913043,1.140348743550409,0.5217391304347826,10.061,7.632,20.808,6.409,0.0606,3.4168141362375897,4.3563549127461805,1.7391304347826086,4.666627800833863,1.2498136645962732,2.584844720496894,4.666627800833863,0.32474086592490103,3.6,t,f,f,"intermittent demand: >40% zero weeks, normal model invalid"
2018-08-31,garden_tools,23a0ffca143a15b9b5bbdb7d552f626a,A,Z,0.98,1.0,1.2792042981336627,0.4782608695652174,11.304,8.154,22.565,6.111,0.1304,4.10718238913606,5.046150956499787,2.0,5.722039531993203,1.614857142857143,3.2235714285714288,5.722039531993203,0.33927514756213417,2.6,t,f,f,"intermittent demand: >40% zero weeks, normal model invalid"
2018-08-31,industry_commerce_and_business,955fee9216a65b617aa5c0531780ce60,A,Z,0.98,1.4545454545454546,1.844613076663342,0.45454545454545453,7.063,3.262,20.125,10.089,0.0313,4.052009786474129,7.732964885866732,2.909090909090909,5.519646150110493,1.4676363636363636,4.181818181818182,5.519646150110493,0.11802666869551556,1.6,t,f,f,"intermittent demand: >40% zero weeks, normal model invalid"
2018-08-31,cool_stuff,850f4f8af5ea87287ac68de36e29107f,A,Z,0.98,0.9166666666666666,1.164500152881315,0.4166666666666667,9.724,6.505,23.483,7.231,0.0517,3.3175529210430774,4.792698027938893,1.8333333333333333,4.59093387342403,1.2733809523809525,3.075154761904762,4.59093387342403,0.2780867992115025,14.6,t,t,f,intermittent (>40% zero weeks) and no sale in 13+ weeks
2018-08-31,computers_accessories,06e5eefc71ec47ae763c5c6f8db7064f,A,Z,0.98,0.6086956521739131,0.7827184815397383,0.5652173913043478,11.394,6.485,26.939,8.359,0.0,2.35529650588204,3.488999828992128,1.2173913043478262,3.346079114577692,0.9907826086956522,2.3425217391304347,3.346079114577692,0.24178413281353223,3.6,t,f,f,"intermittent demand: >40% zero weeks, normal model invalid"
2018-08-31,computers_accessories,34d1ca11b242c0fee2c834ae8d788566,A,Z,0.98,0.4782608695652174,0.5931093121225481,0.5652173913043478,13.098,7.723,27.122,8.198,0.0,1.9876337410143783,2.6593604082061173,0.9565217391304348,2.8825281509522664,0.8948944099378883,1.853055900621118,2.8825281509522664,0.2972539669396165,3.6,t,f,f,"intermittent demand: >40% zero weeks, normal model invalid"
2018-08-31,sports_leisure,c3867b4666c7d76867627c2f7fb22e21,A,Z,0.98,1.3157894736842106,2.7699304359284986,0.5263157894736842,15.137,10.359,25.062,6.043,0.1037,9.272119445878916,11.013929786353994,2.6315789473684212,12.117420197758616,2.8453007518796993,4.710902255639098,12.117420197758616,0.18601546762714494,7.6,t,f,f,"intermittent demand: >40% zero weeks, normal model invalid"
2018-08-31,fashion_bags_accessories,b372ee768ed69e46ca8cdbd267aa7a38,A,Z,0.98,0.76,0.9255628917943215,0.48,12.217,6.626,31.609,7.22,0.0,2.913614886751805,4.3483332367436365,1.52,4.2400320296089475,1.326417142857143,3.431834285714286,4.2400320296089475,0.25713687697370435,1.6,t,f,f,"intermittent demand: >40% zero weeks, normal model invalid"
2018-08-31,computers_accessories,30829ded4523ab9224b93bc49a62c95f,A,Z,0.98,0.84,1.518771433319269,0.72,10.355,7.614,29.0,6.408,0.0323,4.232432301043719,6.542242849287361,1.68,5.4750323010437185,1.2426,3.48,5.4750323010437185,0.19656350556722926,1.6,t,f,f,"intermittent demand: >40% zero weeks, normal model invalid"
2018-08-31,computers_accessories,70a12e78e608ac31179aea7f8422044b,A,Z,0.98,1.5294117647058822,2.3215740096651976,0.47058823529411764,14.455,9.154,24.791,5.587,0.0909,7.988496444609898,9.316442120238547,3.0588235294117645,11.146731738727544,3.1582352941176466,5.416521008403361,11.146731738727544,0.26438644728915084,9.6,t,f,f,"intermittent demand: >40% zero weeks, normal model invalid"
2018-08-31,furniture_decor,624f4ece8da4aafb77699233d480f8ef,A,Z,0.98,1.0833333333333333,1.282547284209001,0.4166666666666667,13.0,7.38,23.788,7.749,0.0769,4.288036770967188,5.444617469356268,2.1666666666666665,6.29994153287195,2.011904761904762,3.68147619047619,6.29994153287195,0.2992392423907425,2.6,t,f,f,"intermittent demand: >40% zero weeks, normal model invalid"
2018-08-31,health_beauty,40d54b51e962dbe09cabbcfd33298dee,A,Z,0.98,0.52,0.8225975119502044,0.68,7.25,4.266,18.833,6.945,0.0,1.8383757466961743,2.9667189481696017,1.04,2.376947175267603,0.5385714285714286,1.3990228571428571,2.376947175267603,0.12533675253537915,1.6,t,f,f,"intermittent demand: >40% zero weeks, normal model invalid"
2018-08-31,computers_accessories,96493fab2fbb13a14d0c0e8772eef5c3,A,Z,0.98,0.7857142857142857,1.2513728724621078,0.5714285714285714,13.375,5.98,23.563,8.481,0.0625,3.810573184750814,5.104450124073419,1.5714285714285714,5.311848694954896,1.5012755102040818,2.644826530612245,5.311848694954896,0.13087288165117947,12.6,t,f,f,"intermittent demand: >40% zero weeks, normal model invalid"
2018-08-31,furniture_decor,7c67e1448b00f6e969d365cea6b010ab,A,Z,0.98,1.9,3.669217613434347,0.45,20.571,10.021,32.703,8.736,0.1209,14.074204585374863,17.000344962550237,3.8,19.657761728232007,5.583557142857143,8.876528571428572,19.657761728232007,0.15753614682121134,6.6,t,f,f,"intermittent demand: >40% zero weeks, normal model invalid"
2018-08-31,fashion_bags_accessories,3c487ae8f8d7542beff5788e2e0aea83,A,Z,0.98,0.7083333333333334,0.954584665735822,0.5416666666666666,13.303,6.794,24.364,7.162,0.0303,3.0492265280770647,3.948775300281011,1.4166666666666667,4.39536343283897,1.346136904761905,2.4654047619047623,4.39536343283897,0.21441031636926935,2.6,t,f,f,"intermittent demand: >40% zero weeks, normal model invalid"
2018-08-31,sports_leisure,d05ae8f7a5bd1d2a690a44cd079e4e27,A,Z,0.98,1.0,1.2158375177486576,0.5,11.125,8.522,22.338,6.486,0.0625,4.020058715349437,4.849577548886149,2.0,5.609344429635152,1.5892857142857142,3.1911428571428573,5.609344429635152,0.3868270888091221,2.6,t,f,f,"intermittent demand: >40% zero weeks, normal model invalid"
2018-08-31,musical_instruments,7b0df942f46435babab05d49b744b2c4,A,Z,0.98,0.35294117647058826,0.6063390625908325,0.7058823529411765,11.226,7.288,21.935,6.899,0.0968,1.748257059619035,2.317232313499386,0.7058823529411765,2.314273866341724,0.5660168067226892,1.1059663865546219,2.314273866341724,0.18634142692066677,9.6,t,f,f,"intermittent demand: >40% zero weeks, normal model invalid"
2018-08-31,construction_tools_construction,e0a366315b1b726b6c7832d664c0f530,A,Z,0.98,1.125,1.4540049638094805,0.4583333333333333,7.07,5.212,18.744,6.842,0.0,3.459160264696447,5.383084374727385,2.25,4.595410264696447,1.13625,3.012428571428571,4.595410264696447,0.24732675756763786,2.6,t,f,f,"intermittent demand: >40% zero weeks, normal model invalid"
2018-08-31,watches_gifts,7e93a43ef30c4f03f38b393420bc753a,A,Z,0.98,0.631578947368421,0.9551338658818385,0.5263157894736842,11.354,13.073,23.286,7.095,0.0438,3.4798676274783604,3.8116602805701074,1.263157894736842,4.504288680109939,1.024421052631579,2.100992481203008,4.504288680109939,0.48459505362021954,7.6,t,f,f,"intermittent demand: >40% zero weeks, normal model invalid"
2018-08-31,computers_accessories,17e34d8224d27a541263c4c64b11a56b,A,Z,0.98,0.44,0.8205689083394114,0.72,15.575,8.569,24.4,6.303,0.15,2.7464092773325843,3.249867359456419,0.88,3.7254092773325844,0.9790000000000001,1.5337142857142856,3.7254092773325844,0.16223095914842078,1.6,t,f,f,"intermittent demand: >40% zero weeks, normal model invalid"
2018-08-31,luggage_accessories,2a84855fd20af891be03bc5924d2b453,A,Z,0.98,0.7391304347826086,1.09616651457157,0.5652173913043478,7.462,4.347,20.615,7.879,0.0,2.5082373944780874,4.224330923371397,1.4782608695652173,3.2961504379563484,0.7879130434782609,2.1767391304347825,3.2961504379563484,0.14124815593956616,3.6,t,f,f,"intermittent demand: >40% zero weeks, normal model invalid"
2018-08-31,health_beauty,b2ac621f0d0322434d04a12b078b9369,A,Z,0.98,0.6666666666666666,0.9630868246861537,0.5833333333333334,14.179,8.106,25.964,6.647,0.1071,3.23083810616396,4.025093064710761,1.3333333333333333,4.581219058544913,1.3503809523809525,2.4727619047619047,4.581219058544913,0.24082351988595688,2.6,t,f,f,"intermittent demand: >40% zero weeks, normal model invalid"
2018-08-31,baby,1f9ab4708f3056ede07124aad39a2554,A,X,0.98,2.076923076923077,1.0377490433255414,0.0,14.545,9.618,28.039,8.895,0.0519,6.6171688215924,6.8973380981490005,4.153846153846154,10.932718272141852,4.315549450549451,8.319263736263737,10.932718272141852,0.7844487074116799,13.6,f,t,f,stale: no sale within 13 weeks of calc_date
2018-08-31,furniture_decor,903037660cf848a717166eb7a06d616e,A,Z,0.98,0.9565217391304348,1.3973436119868565,0.6086956521739131,12.533,12.514,34.433,40.897,0.2,5.203728484653637,13.123923711564304,1.9130434782608696,6.916312335585314,1.7125838509316769,4.705130434782609,6.916312335585314,0.4554611585273366,3.6,t,f,f,"intermittent demand: >40% zero weeks, normal model invalid"
2018-08-31,computers_accessories,9c0e69c7bf2619675bbadf47b43f655a,A,Z,0.98,3.1538461538461537,4.579777175186472,0.38461538461538464,15.136,19.973,23.096,9.238,0.0808,23.083570713209504,19.103961642993376,6.3076923076923075,29.903087196725988,6.819516483516484,10.405890109890109,29.903087196725988,0.6410032725574535,13.6,f,t,f,stale: no sale within 13 weeks of calc_date
2018-08-31,cool_stuff,834f3294fba9f932f56edc879193f925,A,Z,0.98,0.20833333333333334,0.5089773777040516,0.8333333333333334,14.215,7.266,23.769,5.95,0.0615,1.5544000280268127,1.9602367423235474,0.4166666666666667,1.9774655042172888,0.4230654761904762,0.7074107142857143,1.9774655042172888,0.08163592792754554,2.6,t,f,f,"intermittent demand: >40% zero weeks, normal model invalid"
2018-08-31,toys,46dc3b2cc0980fb8ec44634e21d2718e,A,Z,0.98,1.0,1.1420804814403216,0.4166666666666667,11.083,7.706,22.931,6.953,0.0611,3.717819764397203,4.709973764451941,2.0,5.301105478682917,1.5832857142857144,3.275857142857143,5.301105478682917,0.36981111300670166,2.6,t,f,f,"intermittent demand: >40% zero weeks, normal model invalid"
2018-08-31,air_conditioning,fcdd820084f17e9982427971e4e9d47f,A,Z,0.98,1.0833333333333333,1.7173454405910422,0.5416666666666666,10.962,6.49,31.154,7.577,0.0769,4.871929702536753,7.820719001060161,2.1666666666666665,6.568429702536752,1.6965,4.821452380952381,6.568429702536752,0.1792710622498096,2.6,t,f,f,"intermittent demand: >40% zero weeks, normal model invalid"
2018-08-31,telephony,7202e2ba20579a9bd1acb29e61fe71f6,A,Z,0.98,1.0416666666666667,1.1601786469133204,0.4166666666666667,13.804,8.813,25.87,7.092,0.0435,4.2953624722417585,5.067503683221546,2.0833333333333335,6.349529138908425,2.0541666666666667,3.8497023809523814,6.349529138908425,0.39319143541042995,2.6,t,f,f,"intermittent demand: >40% zero weeks, normal model invalid"
2018-08-31,garden_tools,dfc5fb7259bb2b599ca565e6e9448f0f,A,Z,0.98,0.782608695652174,0.8504823091062899,0.43478260869565216,14.839,10.383,26.645,8.184,0.0645,3.485852067683708,3.8915466080993255,1.565217391304348,5.144870701224081,1.659018633540373,2.9789440993788823,5.144870701224081,0.4677521076961158,3.6,t,f,f,"intermittent demand: >40% zero weeks, normal model invalid"
2018-08-31,computers_accessories,4e922959ae960d389249c378d1c939f5,A,Z,0.98,2.0,3.4007671768741163,0.5,15.703,10.339,26.655,7.875,0.1081,12.092762906400669,14.391079750658653,4.0,16.579334334972096,4.486571428571429,7.615714285714286,16.579334334972096,0.25168921021151824,2.6,t,f,f,"intermittent demand: >40% zero weeks, normal model invalid"
2018-08-31,auto,e5e33c0d8e7e002f398f5dc4cbbb338f,A,Z,0.98,0.8260869565217391,1.154129893156173,0.4782608695652174,12.037,9.226,26.815,10.012,0.0741,3.828985531317588,5.23549285803804,1.6521739130434783,5.249501059267899,1.4205155279503108,3.1645031055900623,5.249501059267899,0.3410433549927556,3.6,t,f,f,"intermittent demand: >40% zero weeks, normal model invalid"
2018-08-31,office_furniture,5058e8c1e82653974541e83690655b4a,A,Z,0.98,1.6363636363636365,2.837595470102822,0.4090909090909091,28.931,11.539,45.345,13.693,0.1034,13.078821029021954,16.224034155499375,3.272727272727273,19.841911938112865,6.763090909090909,10.60012987012987,19.841911938112865,0.1794144445431286,4.6,t,f,f,"intermittent demand: >40% zero weeks, normal model invalid"
2018-08-31,watches_gifts,522620dcb18a6b31cd7bdf73665113a9,A,Z,0.98,0.5263157894736842,0.8411910241920599,0.631578947368421,11.3,9.415,27.55,3.953,0.05,2.6327966100511206,3.4812462857579294,1.0526315789473684,3.4824206702014964,0.849624060150376,2.0714285714285716,3.4824206702014964,0.30492809371472235,7.6,t,f,f,"intermittent demand: >40% zero weeks, normal model invalid"
2018-08-31,baby,c6bda72e4dbf5c5866b13cb1810c6d03,A,Z,0.98,0.68,0.8524474568362947,0.52,10.333,10.375,22.583,7.098,0.0417,2.96796195586656,3.448689212132225,1.36,3.971739098723703,1.003777142857143,2.193777142857143,3.971739098723703,0.4863803140745743,1.6,t,f,f,"intermittent demand: >40% zero weeks, normal model invalid"
2018-08-31,cool_stuff,7ddcbb64b5bc1ef36ca8c151f6ec77df,A,Y,0.98,2.4166666666666665,1.7816403745544227,0.08333333333333333,14.389,12.225,23.772,7.24,0.1018,10.131833365279737,8.474631707291193,4.833333333333333,15.09946431766069,4.9676309523809525,8.206999999999999,15.09946431766069,0.7319034165282797,14.6,f,t,f,stale: no sale within 13 weeks of calc_date
2018-08-31,watches_gifts,b33e7c55446eabf8fe1a42d037ac7d6d,A,Z,0.98,0.75,0.7939992333804207,0.4166666666666667,16.346,11.037,27.4,6.43,0.1231,3.4796022346672513,3.5228376215281227,1.5,5.230959377524394,1.7513571428571426,2.9357142857142855,5.230959377524394,0.4871514750035859,2.6,t,f,f,"intermittent demand: >40% zero weeks, normal model invalid"
2018-08-31,auto,080199a181c46c657dc5aa235411be3b,A,Z,0.98,1.36,1.7048949136725895,0.44,8.048,8.08,17.699,5.693,0.012,4.948724358950588,6.0132024118048255,2.72,6.512335787522017,1.5636114285714287,3.4386628571428575,6.512335787522017,0.42443639910708375,1.6,t,f,f,"intermittent demand: >40% zero weeks, normal model invalid"
2018-08-31,health_beauty,b18dc380845b24038cfc48006478f099,A,Z,0.98,1.5909090909090908,2.1527190095781505,0.45454545454545453,13.574,11.837,25.021,10.86,0.0851,8.272223475836979,9.775615119632917,3.1818181818181817,11.357223475836978,3.0849999999999995,5.686590909090909,11.357223475836978,0.4460957826556632,4.6,t,f,f,"intermittent demand: >40% zero weeks, normal model invalid"
2018-08-31,home_appliances_2,e882b2a25a10b9c057cc49695f222c19,A,Z,0.98,1.0,1.179535649239177,0.4583333333333333,10.441,6.253,29.324,6.019,0.0,3.4812038671659344,5.263260813760632,2.0,4.972775295737363,1.4915714285714288,4.1891428571428575,4.972775295737363,0.2777260100450501,2.6,t,f,f,"intermittent demand: >40% zero weeks, normal model invalid"
2018-08-31,construction_tools_construction,59b22a78efb79a4797979612b885db36,A,Z,0.98,0.76,1.3,0.6,13.585,8.803,21.61,6.778,0.122,4.205560989491595,4.928490782390432,1.52,5.680503846634452,1.4749428571428573,2.3462285714285716,5.680503846634452,0.2178408532107221,1.6,t,f,f,"intermittent demand: >40% zero weeks, normal model invalid"
2018-08-31,bed_bath_table,b4f8921fcc4ff77b66bea6dda43dcd51,A,Z,0.98,1.3333333333333333,1.877181270897812,0.4666666666666667,7.5,3.317,25.25,9.695,0.05,4.196233463724842,8.246015977759104,2.6666666666666665,5.62480489229627,1.4285714285714284,4.809523809523809,5.62480489229627,0.09561978057461074,1.6,t,f,f,"intermittent demand: >40% zero weeks, normal model invalid"
2018-08-31,watches_gifts,2bf6a2c1e71bbd29a4ad64e6d3c3629f,A,Z,0.98,0.625,0.7696696072652383,0.5,13.333,10.293,27.7,10.8,0.0667,2.8847168055014105,3.716107532141805,1.25,4.075163234072839,1.1904464285714287,2.4732142857142856,4.075163234072839,0.4280911238341972,2.6,t,f,f,"intermittent demand: >40% zero weeks, normal model invalid"
2018-08-31,sports_leisure,821fb029fc6e495ca4f08a35d51e53a5,A,Z,0.98,0.4583333333333333,0.6580053301400784,0.625,16.762,13.736,20.714,5.72,0.2857,2.7901266412915735,2.448608930125499,0.9166666666666666,3.887638546053478,1.0975119047619046,1.3562738095238094,3.887638546053478,0.43826241893107554,2.6,t,f,f,"intermittent demand: >40% zero weeks, normal model invalid"
2018-08-31,housewares,b8bc237ba3788b23da09c0f1f3a3288c,A,Z,0.98,1.1764705882352942,1.845104811306361,0.47058823529411764,11.766,4.962,26.106,2.987,0.0213,5.202840283982657,7.390224011307927,2.3529411764705883,7.180319275579295,1.9774789915966386,4.387563025210084,7.180319275579295,0.10836606217624406,9.6,t,f,f,"intermittent demand: >40% zero weeks, normal model invalid"
2018-08-31,computers,53243585a1d6dc2643021fd1853d8905,A,Z,0.98,0.64,1.3503086067019396,0.68,14.34,9.065,26.433,7.029,0.0467,4.3188039737948225,5.548227674996455,1.28,5.629889688080537,1.3110857142857142,2.4167314285714285,5.629889688080537,0.15533423837626767,1.6,t,f,f,"intermittent demand: >40% zero weeks, normal model invalid"
2018-08-31,health_beauty,17f51e7198701186712e53a39c564617,A,Z,0.98,0.6363636363636364,0.7895420339517227,0.5454545454545454,22.82,9.001,35.049,8.846,0.082,3.375764800805383,3.986577473838313,1.2727272727272727,5.450310255350837,2.0745454545454547,3.186272727272727,5.450310255350837,0.24782578146763273,4.6,t,f,f,"intermittent demand: >40% zero weeks, normal model invalid"
2018-08-31,construction_tools_safety,4a3ccda38b2129705f3fb522db62ca31,A,Z,0.98,0.8333333333333334,0.9168313422570846,0.4583333333333333,12.902,9.619,24.882,8.382,0.0392,3.473572580700183,4.099078834028358,1.6666666666666667,5.009524961652564,1.535952380952381,2.962142857142857,5.009524961652564,0.45839852722534413,2.6,t,f,f,"intermittent demand: >40% zero weeks, normal model invalid"
2018-08-31,construction_tools_safety,06e5eefc71ec47ae763c5c6f8db7064f,A,Z,0.98,0.76,0.879393730551528,0.48,11.077,4.774,28.654,10.461,0.0,2.50893853650643,4.335088168858266,1.52,3.7115842507921446,1.2026457142857143,3.111005714285714,3.7115842507921446,0.1800157821087361,1.6,t,f,f,"intermittent demand: >40% zero weeks, normal model invalid"
2018-08-31,perfumery,5670f4db5b62c43d542e1b2d56b0cf7c,A,Z,0.98,1.2941176470588236,1.3117119482928092,0.4117647058823529,8.591,5.03,22.727,9.755,0.0455,3.5431764437763413,6.10577638831893,2.588235294117647,5.131428544616677,1.5882521008403359,4.20163025210084,5.131428544616677,0.290533717578258,2.6,t,f,f,"intermittent demand: >40% zero weeks, normal model invalid"
2018-08-31,perfumery,7178f9f4dd81dcef02f62acdf8151e01,A,Z,0.98,0.5833333333333334,0.9743076322798876,0.625,17.115,6.735,34.077,6.022,0.0385,3.334405294960746,4.5336453795291325,1.1666666666666667,4.7606552949607455,1.42625,2.83975,4.7606552949607455,0.11950074871868119,2.6,t,f,f,"intermittent demand: >40% zero weeks, normal model invalid"
2018-08-31,health_beauty,2a5b78b41cd05baeac8df54c6606b92c,A,Z,0.98,1.0833333333333333,1.282547284209001,0.4583333333333333,9.268,5.283,27.982,9.572,0.0179,3.4649157516018128,6.081999728527597,2.1666666666666665,4.899249084935146,1.4343333333333332,4.330547619047619,4.899249084935146,0.23485439256327204,2.6,t,f,f,"intermittent demand: >40% zero weeks, normal model invalid"
2018-08-31,auto,712e6ed8aa4aa1fa65dab41fed5737e4,A,Z,0.98,1.8181818181818181,2.088931871468374,0.36363636363636365,23.682,20.358,33.494,6.053,0.2,13.423971467166094,9.924350129520127,3.6363636363636362,19.575140298334926,6.151168831168831,8.69974025974026,19.575140298334926,0.6544574448424234,15.6,f,t,f,stale: no sale within 13 weeks of calc_date
2018-08-31,fashion_bags_accessories,1f1bb1f0859883505541bdd6606193e5,A,Z,0.98,0.42857142857142855,0.6761234037828133,0.6666666666666666,13.852,8.338,23.741,9.151,0.1111,2.2169268123707786,2.804198318573848,0.8571428571428571,3.0650084450238397,0.8480816326530611,1.4535306122448979,3.0650084450238397,0.22364856257485866,5.6,t,f,f,"intermittent demand: >40% zero weeks, normal model invalid"
2018-08-31,cool_stuff,e9bc59e7b60fc3063eb2290deda4cced,A,Z,0.98,1.5833333333333333,2.8729119701803945,0.5416666666666666,17.37,9.999,28.609,6.933,0.1087,10.390420203930933,12.355265711593127,3.1666666666666665,14.319348775359504,3.928928571428572,6.471083333333334,14.319348775359504,0.19984359601509988,2.6,t,f,f,"intermittent demand: >40% zero weeks, normal model invalid"
2018-08-31,bed_bath_table,ea67327e24487bdfac5fbfa37ea124df,A,Z,0.98,1.32,1.5737428845483834,0.44,8.588,4.243,23.824,10.567,0.0294,3.9390721626744365,7.2319231381235864,2.64,5.558523591245865,1.6194514285714283,4.492525714285715,5.558523591245865,0.17402220371808488,1.6,t,f,f,"intermittent demand: >40% zero weeks, normal model invalid"
2018-08-31,housewares,b410bdd36d5db7a65dcd42b7ead933b8,A,Z,0.98,1.4,2.362907813126304,0.44,9.119,5.124,24.571,10.789,0.0,5.925235790122936,10.114457644862696,2.8,7.749035790122935,1.8237999999999999,4.9142,7.749035790122935,0.12617161171377592,1.6,t,f,f,"intermittent demand: >40% zero weeks, normal model invalid"
2018-08-31,telephony,53243585a1d6dc2643021fd1853d8905,A,Z,0.98,4.52,11.565465835840769,0.52,12.66,5.148,23.972,7.345,0.02,32.66457794945601,45.02183726256837,9.04,40.83932080659886,8.174742857142856,15.479062857142857,40.83932080659886,0.043681591780655595,1.6,t,f,f,"intermittent demand: >40% zero weeks, normal model invalid"
2018-08-31,construction_tools_construction,72c5da29406b4234927b81855e7b64f6,A,Z,0.98,1.1428571428571428,1.3522468075656264,0.42857142857142855,10.208,6.814,28.083,9.491,0.0417,4.058019273258403,6.4085771881260145,2.2857142857142856,5.724631518156363,1.6666122448979592,4.584979591836735,5.724631518156363,0.3169994829485962,1.6,t,f,f,"intermittent demand: >40% zero weeks, normal model invalid"
2018-08-31,garden_tools,eeb6de78f79159600292e314a77cbd18,A,Z,0.98,0.6956521739130435,0.9739695071153479,0.5217391304347826,12.343,14.913,29.06,9.384,0.0448,4.039738495710458,4.503194467013332,1.391304347826087,5.266372036083129,1.226633540372671,2.887950310559006,5.266372036083129,0.5676837143802187,3.6,t,f,f,"intermittent demand: >40% zero weeks, normal model invalid"
2018-08-31,watches_gifts,744dac408745240a2c2528fb1b6028f3,A,Z,0.98,1.0,1.3831281496162493,0.4583333333333333,11.461,6.521,27.789,5.79,0.0132,4.107510187018474,5.90918726224807,2.0,5.7447959013041885,1.6372857142857142,3.969857142857143,5.7447959013041885,0.2169550253304675,2.6,t,f,f,"intermittent demand: >40% zero weeks, normal model invalid"
2018-08-31,computers_accessories,e9bc59e7b60fc3063eb2290deda4cced,A,Z,0.98,3.1666666666666665,4.9927483645667605,0.4166666666666667,13.818,7.413,28.421,6.361,0.0935,15.9682007246334,21.489900293000723,6.333333333333333,22.2192007246334,6.2509999999999994,12.857119047619047,22.2192007246334,0.18602844128110688,2.6,t,f,f,"intermittent demand: >40% zero weeks, normal model invalid"
2018-08-31,computers_accessories,2b3e4a2a3ea8e01938cabda2a3e5cc79,A,Z,0.98,0.6666666666666666,0.7302967433402215,0.47619047619047616,8.611,6.048,20.574,7.207,0.0,2.0412365196992526,2.932377812183118,1.3333333333333333,2.8613317577944906,0.8200952380952381,1.9594285714285715,2.8613317577944906,0.3358559136666676,5.6,t,f,f,"intermittent demand: >40% zero weeks, normal model invalid"
2018-08-31,auto,8581055ce74af1daba164fdbd55a40de,A,X,0.98,5.428571428571429,1.8126539343499315,0.0,12.826,8.846,21.998,6.442,0.0798,14.963108780394908,12.19933361906794,10.857142857142858,24.909802657945928,9.94669387755102,17.059673469387757,24.909802657945928,0.8865840807152718,19.6,f,t,f,stale: no sale within 13 weeks of calc_date
2018-08-31,sports_leisure,7f152321c60a266edc53af1925ef96c1,B,Z,0.95,0.6363636363636364,0.7895420339517227,0.5454545454545454,23.35,19.03,29.75,6.536,0.3,3.7045033579031936,2.8501106862626977,1.2727272727272727,5.827230630630466,2.1227272727272726,2.7045454545454546,5.827230630630466,0.5900471734707267,4.6,t,f,f,"intermittent demand: >40% zero weeks, normal model invalid"
2018-08-31,bed_bath_table,54965bbe3e4f07ae045b90b0b8541f52,B,Z,0.95,1.5,2.640187159141207,0.6666666666666666,26.654,19.134,29.049,8.278,0.321,10.830231390128382,9.315379075344365,3.0,16.54180281869981,5.711571428571428,6.224785714285714,16.54180281869981,0.38777251187197154,8.6,t,f,f,"intermittent demand: >40% zero weeks, normal model invalid"
2018-08-31,health_beauty,e5a38146df062edaf55c38afa99e42dc,B,Z,0.95,0.8,1.082325538564332,0.5333333333333333,14.595,12.655,24.905,7.434,0.119,3.5024843330347295,3.63717109285416,1.6,5.17048433303473,1.6680000000000001,2.8462857142857145,5.17048433303473,0.46132851972092415,11.6,t,f,f,"intermittent demand: >40% zero weeks, normal model invalid"
2018-08-31,toys,76d64c4aca3a7baf218bf93ef7fa768d,B,Z,0.95,0.44,0.7118052168020874,0.64,11.688,7.381,25.719,6.802,0.0313,1.694468178610338,2.3518349203072595,0.88,2.4291424643246238,0.7346742857142857,1.6166228571428574,2.4291424643246238,0.20282774506314522,1.6,t,f,f,"intermittent demand: >40% zero weeks, normal model invalid"
2018-08-31,bed_bath_table,1a3df491d1c4f1589fc2b934ada68bf2,B,Z,0.95,1.0,1.4142135623730951,0.5416666666666666,14.953,6.556,27.988,5.84,0.0351,3.732568216147759,4.849558544043395,2.0,5.868711073290616,2.136142857142857,3.998285714285714,5.868711073290616,0.1703416368445896,2.6,t,f,f,"intermittent demand: >40% zero weeks, normal model invalid"
2018-08-31,auto,f12ff17ad8bbf01ec5c33b17e506649b,B,Z,0.95,1.5,1.5075567228888183,0.08333333333333333,13.821,8.219,24.25,8.716,0.1071,4.53132946243052,5.544336127368583,3.0,7.4929723195733775,2.961642857142857,5.196428571428571,7.4929723195733775,0.4087216405050334,14.6,f,t,f,stale: no sale within 13 weeks of calc_date
2018-08-31,housewares,1b4c3a6f53068f0b6944d2d005c9fc89,B,Z,0.95,1.0526315789473684,1.35292621998583,0.47368421052631576,14.322,10.001,27.254,6.082,0.0339,4.031321870642554,4.641588225261396,2.1052631578947367,6.185006081168869,2.1536842105263156,4.098345864661654,6.185006081168869,0.37653307253476254,7.6,t,f,f,"intermittent demand: >40% zero weeks, normal model invalid"
2018-08-31,garden_tools,73a63f72308aa20a46f4b1632018f196,B,Z,0.95,0.42857142857142855,0.8106434833777776,0.7142857142857143,10.966,4.686,27.172,5.071,0.0,1.7343432608799327,2.676228944512973,0.8571428571428571,2.4057310159819734,0.6713877551020407,1.6635918367346938,2.4057310159819734,0.07403538126398271,5.6,t,f,f,"intermittent demand: >40% zero weeks, normal model invalid"
2018-08-31,computers_accessories,229c3efbfb0ea2058de4ccdfbc3d784a,B,Z,0.95,1.0416666666666667,1.3014763077790332,0.4583333333333333,10.799,6.488,22.868,4.752,0.0208,3.0970704009877537,4.040313068857799,2.0833333333333335,4.704064448606801,1.6069940476190476,3.40297619047619,4.704064448606801,0.2629271867670147,2.6,t,f,f,"intermittent demand: >40% zero weeks, normal model invalid"
2018-08-31,electronics,6039e27294dc75811c0d8a39069f52c0,B,Z,0.95,0.56,0.7681145747868608,0.56,19.103,10.052,27.103,6.778,0.1795,2.470996823101537,2.6412169862816146,1.12,3.9992368231015374,1.5282400000000003,2.1682400000000004,3.9992368231015374,0.2865464770123652,1.6,t,f,f,"intermittent demand: >40% zero weeks, normal model invalid"
2018-08-31,housewares,0adac9fbd9a2b63cccaac4f8756c1ca8,B,Z,0.95,1.1666666666666667,1.7110044511584586,0.5,12.953,8.244,24.075,5.229,0.0566,4.44569360066646,5.412579695776643,2.3333333333333335,6.604526933999793,2.1588333333333334,4.0125,6.604526933999793,0.25843356812367674,2.6,t,f,f,"intermittent demand: >40% zero weeks, normal model invalid"
2018-08-31,bed_bath_table,3b15288545f8928d3e65a8f949a28291,B,Z,0.95,1.0416666666666667,1.7062332443303203,0.4583333333333333,14.365,8.641,26.157,5.526,0.0696,4.542806886756424,5.591209109961096,2.0833333333333335,6.680455696280234,2.1376488095238098,3.8924107142857145,6.680455696280234,0.21676812784693827,2.6,t,f,f,"intermittent demand: >40% zero weeks, normal model invalid"
2018-08-31,bed_bath_table,fdb9095204a334cd8872252ffec6f2db,B,Z,0.95,1.7692307692307692,2.2043081361221617,0.38461538461538464,8.803,9.15,20.754,8.041,0.0492,5.567968960740826,7.081772715836619,3.5384615384615383,7.792903026674892,2.2249340659340664,5.245516483516483,7.792903026674892,0.4667410274939162,13.6,f,t,f,stale: no sale within 13 weeks of calc_date
2018-08-31,sports_leisure,76d5af76d0271110f9af36c92573f765,B,Z,0.95,0.7777777777777778,1.0032626514091005,0.5,10.404,7.571,22.414,8.091,0.0808,2.441737883702883,3.3024831508270918,1.5555555555555556,3.597737883702883,1.156,2.490444444444445,3.597737883702883,0.3211278002518834,8.6,t,f,f,"intermittent demand: >40% zero weeks, normal model invalid"
2018-08-31,bed_bath_table,6fd52c528dcb38be2eea044946b811f8,B,Z,0.95,1.2608695652173914,1.7377464849194206,0.4782608695652174,21.119,9.763,32.345,6.264,0.1071,5.745964243655195,6.418411495144755,2.5217391304347827,9.550007721916066,3.8040434782608696,5.82611801242236,9.550007721916066,0.25341918957370635,3.6,t,f,f,"intermittent demand: >40% zero weeks, normal model invalid"
2018-08-31,auto,817245bcc3badd82bbd222e0366951a6,B,Z,0.95,1.05,1.5381123085406379,0.5,10.886,8.105,24.477,5.559,0.0227,3.735371203967611,4.925724401383052,2.1,5.368271203967611,1.6328999999999998,3.6715500000000003,5.368271203967611,0.28659957174274187,6.6,t,f,f,"intermittent demand: >40% zero weeks, normal model invalid"
2018-08-31,musical_instruments,ce248b21cb2adc36282ede306b7660e5,B,Z,0.95,0.6666666666666666,0.8563488385776753,0.5714285714285714,16.238,10.29,26.19,6.295,0.0952,2.6834433701452003,2.8975314420671454,1.3333333333333333,4.229919560621391,1.5464761904761906,2.494285714285714,4.229919560621391,0.3608459171258856,5.6,t,f,f,"intermittent demand: >40% zero weeks, normal model invalid"
2018-08-31,sports_leisure,730937bf88cb151eb2eb849f642fc213,B,Z,0.95,1.3,1.7800059136507325,0.5,6.962,7.028,17.462,7.339,0.0385,3.6241945359170002,5.139083130955101,2.6,4.917137393059857,1.2929428571428572,3.2429428571428573,4.917137393059857,0.35090183660587054,2.6,t,f,f,"intermittent demand: >40% zero weeks, normal model invalid"
2018-08-31,bed_bath_table,7d456afc660226829370f3173d14520c,B,Z,0.95,1.125,1.3613452426057167,0.4583333333333333,9.143,9.646,20.881,8.58,0.0714,3.6126537387567184,4.483462222617507,2.25,5.082064453042433,1.4694107142857145,3.355875,5.082064453042433,0.49820182942592317,2.6,t,f,f,"intermittent demand: >40% zero weeks, normal model invalid"
2018-08-31,stationery,acce39e832338debb07b02385cde5967,B,Z,0.95,1.6875,2.212653007891959,0.4375,7.741,4.082,17.259,7.31,0.0,4.155479011028645,6.407858474513728,3.375,6.0216129396000735,1.8661339285714287,4.160651785714286,6.0216129396000735,0.15172243747743505,1.6,t,f,f,"intermittent demand: >40% zero weeks, normal model invalid"
2018-08-31,computers_accessories,5b8154610ebb21fb90eb587365e673df,B,Z,0.95,0.42857142857142855,0.746420027292179,0.6666666666666666,14.091,9.67,22.636,6.036,0.2273,1.9956629525402239,2.2899580909900683,0.8571428571428571,2.8583772382545094,0.8627142857142857,1.385877551020408,2.8583772382545094,0.23811317218552822,5.6,t,f,f,"intermittent demand: >40% zero weeks, normal model invalid"
2018-08-31,housewares,ed4311e67debd72b8610a5347a743087,B,Z,0.95,0.7692307692307693,1.1421976118935744,0.6153846153846154,7.846,4.442,16.692,7.765,0.0385,2.1449800696145616,3.2228487444202782,1.5384615384615385,3.0071778718123636,0.8621978021978022,1.8342857142857145,3.0071778718123636,0.14011425272496073,0.6,t,f,f,"intermittent demand: >40% zero weeks, normal model invalid"
2018-08-31,health_beauty,a5cba26a62b8b4d0145b68b841e62e7f,B,Z,0.95,0.72,0.8426149773176359,0.48,12.0,4.088,27.828,6.112,0.0,1.9420046996910638,2.9505626592637255,1.44,3.176290413976778,1.2342857142857142,2.862308571428571,3.176290413976778,0.12683661628860582,1.6,t,f,f,"intermittent demand: >40% zero weeks, normal model invalid"
2018-08-31,bed_bath_table,0176f73cc1195f367f7b32db1e5b3aa8,B,Z,0.95,1.0,1.179535649239177,0.4166666666666667,13.421,10.128,22.158,6.101,0.1053,3.58899505779896,3.7377326385799097,2.0,5.506280772084674,1.9172857142857143,3.1654285714285715,5.506280772084674,0.4397036779323202,2.6,t,f,f,"intermittent demand: >40% zero weeks, normal model invalid"
2018-08-31,housewares,b347677812ea483b0f528eaf8cbc09b7,B,Z,0.95,0.5,0.8944271909999159,0.6875,13.5,5.306,30.2,9.78,0.0,2.136093165278896,3.264705301527577,1.0,3.1003788795646106,0.9642857142857143,2.157142857142857,3.1003788795646106,0.08517115812333706,10.6,t,f,f,"intermittent demand: >40% zero weeks, normal model invalid"
2018-08-31,perfumery,26d8a1c7c75d513045798992ead43aa2,B,Z,0.95,0.6086956521739131,0.8913284485317718,0.6086956521739131,11.594,6.273,25.219,7.106,0.0625,2.0892942729224186,2.9625873193741934,1.2173913043478262,3.097468185965897,1.0081739130434781,2.1929565217391307,3.097468185965897,0.1844209183648209,3.6,t,f,f,"intermittent demand: >40% zero weeks, normal model invalid"
2018-08-31,computers_accessories,522620dcb18a6b31cd7bdf73665113a9,B,Y,0.95,1.4545454545454546,1.2933395813657265,0.2727272727272727,15.333,8.703,29.238,6.044,0.0476,4.33142042929069,4.813556119802773,2.909090909090909,7.517498351368612,3.186077922077922,6.075428571428572,7.517498351368612,0.47161793726863777,15.6,f,t,f,stale: no sale within 13 weeks of calc_date
2018-08-31,air_conditioning,7a241947449cc45dbfda4f9d0798d9d0,B,Z,0.95,0.9545454545454546,1.2140947137789433,0.45454545454545453,11.242,6.124,25.03,6.297,0.0303,2.8795099715209997,4.031747359822336,1.9090909090909092,4.412509971521,1.5330000000000001,3.4131818181818185,4.412509971521,0.2275541979508492,4.6,t,f,f,"intermittent demand: >40% zero weeks, normal model invalid"
2018-08-31,bed_bath_table,cca3071e3e9bb7d12640c9fbe2301306,B,Z,0.95,1.12,1.5088627063675035,0.44,13.727,8.643,25.761,7.573,0.0462,4.153670811423573,5.161441388611527,2.24,6.349990811423574,2.1963200000000005,4.12176,6.349990811423574,0.2998881848747553,1.6,t,f,f,"intermittent demand: >40% zero weeks, normal model invalid"
2018-08-31,furniture_decor,31344c16881c08a8a72c6d2eb29918c1,B,Z,0.95,0.48,0.6531972647421809,0.6,15.951,11.194,26.171,7.678,0.0488,2.0553718954900693,2.25073321482773,0.96,3.1491547526329264,1.0937828571428572,1.794582857142857,3.1491547526329264,0.37733812386897253,1.6,t,f,f,"intermittent demand: >40% zero weeks, normal model invalid"
2018-08-31,stationery,de23c3b98a88888289c6f5cc1209054a,B,Z,0.95,0.9047619047619048,0.9436504599035548,0.42857142857142855,11.529,9.385,22.368,7.332,0.0588,2.8194006546759853,3.182499789331995,1.8095238095238095,4.309543511818843,1.4901428571428572,2.8911020408163264,4.309543511818843,0.5008203961437083,5.6,t,f,f,"intermittent demand: >40% zero weeks, normal model invalid"
2018-08-31,stationery,2a84855fd20af891be03bc5924d2b453,B,Z,0.95,1.12,1.3012814197295424,0.44,10.46,7.641,22.508,6.693,0.0317,3.2999620504417573,4.223007963572142,2.24,4.973562050441758,1.6736000000000004,3.60128,4.973562050441758,0.371344492543105,1.6,t,f,f,"intermittent demand: >40% zero weeks, normal model invalid"
2018-08-31,costruction_tools_garden,d51e0a403fe2e689ece6c73359d96e12,B,Z,0.95,0.38095238095238093,0.6690433824641326,0.7142857142857143,12.84,8.245,28.68,4.947,0.08,1.6631736607556553,2.2711140425100718,0.7619047619047619,2.361949170959737,0.6987755102040816,1.560816326530612,2.361949170959737,0.19692730653340415,5.6,t,f,f,"intermittent demand: >40% zero weeks, normal model invalid"
2018-08-31,furniture_bedroom,3ade81dab5a172b88e1871c28ae05260,B,Z,0.95,0.56,0.8205689083394114,0.6,14.074,9.739,23.704,7.69,0.1111,2.3032724683407007,2.681953932828001,1.12,3.429192468340701,1.1259200000000003,1.8963200000000002,3.429192468340701,0.309579779425531,1.6,t,f,f,"intermittent demand: >40% zero weeks, normal model invalid"
2018-08-31,pet_shop,070d165398b553f3b4b851c216b8a358,B,Z,0.95,1.125,1.2958965337120694,0.4166666666666667,11.0,8.552,20.079,6.309,0.1053,3.500111336078294,3.9767297383501155,2.25,5.267968478935437,1.7678571428571428,3.2269821428571426,5.267968478935437,0.4171912052127917,2.6,t,f,f,"intermittent demand: >40% zero weeks, normal model invalid"
2018-08-31,sports_leisure,750303a20e9c56b2a6bc45cdce0b897d,B,Z,0.95,0.5652173913043478,0.7277666307098063,0.5652173913043478,14.065,8.262,29.903,9.799,0.0,2.020730031421806,2.7955735210233907,1.1304347826086956,3.1564132612354703,1.1356832298136645,2.414527950310559,3.1564132612354703,0.29487859982253256,3.6,t,f,f,"intermittent demand: >40% zero weeks, normal model invalid"
2018-08-31,health_beauty,f3b80352b986ab4d1057a4b724be19d0,B,Z,0.95,1.2857142857142858,1.61687529336239,0.42857142857142855,10.356,3.701,23.322,5.304,0.0,3.422617388785051,5.112062880161199,2.5714285714285716,5.324739837764643,1.9021224489795918,4.2836326530612245,5.324739837764643,0.1067256571621562,5.6,t,f,f,"intermittent demand: >40% zero weeks, normal model invalid"
2018-08-31,perfumery,4e17c65a516f69d023a2ae78b84f28d6,B,Z,0.95,0.68,0.7483314773547882,0.48,12.677,11.505,33.839,11.75,0.0645,2.4745365276122877,3.293808271810401,1.36,3.706016527612288,1.2314800000000001,3.287217142857143,3.706016527612288,0.5519017447307012,1.6,t,f,f,"intermittent demand: >40% zero weeks, normal model invalid"
2018-08-31,sports_leisure,3c03b12bab54d8b37d79d914bfdb1aa0,B,Z,0.95,1.0,1.707825127659933,0.52,13.375,9.262,22.4,5.078,0.175,4.45133487021853,5.164835135983489,2.0,6.362049155932816,1.9107142857142858,3.1999999999999997,6.362049155932816,0.239049286966767,1.6,t,f,f,"intermittent demand: >40% zero weeks, normal model invalid"
2018-08-31,health_beauty,8b2492b7ff4468839593fafeed55bad9,B,Z,0.95,1.1818181818181819,1.4682793180604827,0.4090909090909091,14.889,17.646,21.311,5.312,0.1111,6.034860632159993,4.464685344097775,2.3636363636363638,8.548587904887265,2.5137272727272726,3.597961038961039,8.548587904887265,0.6593527586384658,4.6,t,f,f,"intermittent demand: >40% zero weeks, normal model invalid"
2018-08-31,musical_instruments,7178f9f4dd81dcef02f62acdf8151e01,B,Z,0.95,0.2631578947368421,0.5619514869490164,0.7894736842105263,17.0,7.233,33.05,5.226,0.05,1.5083014548959226,2.0342899032591153,0.5263157894736842,2.147399199256825,0.6390977443609022,1.2424812030075185,2.147399199256825,0.08793299603225134,7.6,t,f,f,"intermittent demand: >40% zero weeks, normal model invalid"
2018-08-31,perfumery,17e34d8224d27a541263c4c64b11a56b,B,Z,0.95,0.7916666666666666,1.1025333147551268,0.5833333333333334,13.664,7.825,24.582,7.495,0.0522,2.9220971281878407,3.673322067830278,1.5833333333333333,4.4674304615211735,1.5453333333333332,2.780107142857143,4.4674304615211735,0.24815472544568778,2.6,t,f,f,"intermittent demand: >40% zero weeks, normal model invalid"
2018-08-31,health_beauty,709e16e2b25c7474d980076c6bfc4806,B,Z,0.95,1.16,1.624807680927192,0.56,10.345,6.411,24.034,7.643,0.0172,3.689104349596884,5.372508729933863,2.32,5.403418635311169,1.7143142857142857,3.9827771428571426,5.403418635311169,0.2243799702825146,1.6,t,f,f,"intermittent demand: >40% zero weeks, normal model invalid"
2018-08-31,health_beauty,916c9de0b5ad957346eeeb12f332687e,B,Z,0.95,0.5714285714285714,1.2478553029669976,0.7619047619047619,8.111,5.57,27.185,5.526,0.0,2.3325800269453607,4.1123868938184485,1.1428571428571428,2.9947024759249525,0.6621224489795918,2.2191836734693875,2.9947024759249525,0.1028062744752053,5.6,t,f,f,"intermittent demand: >40% zero weeks, normal model invalid"
2018-08-31,watches_gifts,381c83fdca332ea6afd896da20bf6e4a,B,Z,0.95,0.7083333333333334,0.9078961186825509,0.5416666666666666,12.488,6.971,28.093,8.22,0.0233,2.307545406981339,3.289674361074861,1.4166666666666667,3.571212073648006,1.2636666666666667,2.8427440476190475,3.571212073648006,0.25282699744483106,2.6,t,f,f,"intermittent demand: >40% zero weeks, normal model invalid"
2018-08-31,stationery,dbc22125167c298ef99da25668e1011f,B,Z,0.95,1.0,1.2158375177486576,0.4583333333333333,10.795,6.658,25.157,6.716,0.012,2.9352053147779613,4.106590980447854,2.0,4.477348171920818,1.542142857142857,3.593857142857143,4.477348171920818,0.2840985681845416,2.6,t,f,f,"intermittent demand: >40% zero weeks, normal model invalid"
2018-08-31,furniture_decor,bd4889b5e9133b35b66e42a8665cea5c,B,Z,0.95,0.8095238095238095,0.8728715609439697,0.42857142857142855,10.119,6.236,24.405,8.514,0.0,2.0945091134997824,3.1320482846643825,1.619047619047619,3.264733603295701,1.1702244897959184,2.8223469387755102,3.264733603295701,0.32074905914203383,5.6,t,f,f,"intermittent demand: >40% zero weeks, normal model invalid"
2018-08-31,stationery,cd6efc47efaabf134f8bdb654e10b4f1,B,Z,0.95,0.8095238095238095,1.2090925365350502,0.5238095238095238,8.905,7.238,24.286,6.428,0.0476,2.63197161624312,3.9009670137463615,1.619047619047619,3.661801548215909,1.029829931972789,2.8085850340136056,3.661801548215909,0.2736481027878909,5.6,t,f,f,"intermittent demand: >40% zero weeks, normal model invalid"
2018-08-31,sports_leisure,f7ba60f8c3f99e7ee4042fdef03b70c4,B,Z,0.95,0.6666666666666666,1.5510632164580769,0.7083333333333334,11.138,7.941,19.931,6.524,0.069,3.450248573199052,4.424640000404931,1.3333333333333333,4.511010477960957,1.0607619047619048,1.8981904761904762,4.511010477960957,0.1299946675208587,2.6,t,f,f,"intermittent demand: >40% zero weeks, normal model invalid"
2018-08-31,costruction_tools_garden,f80edd2c5aaa505cc4b0a3b219abf4b8,B,Z,0.95,0.76,0.9695359714832659,0.52,15.976,9.616,28.548,12.011,0.1429,2.9586030689789804,3.869477061990013,1.52,4.693140211836123,1.734537142857143,3.099497142857143,4.693140211836123,0.3369000850463778,1.6,t,f,f,"intermittent demand: >40% zero weeks, normal model invalid"
2018-08-31,electronics,c9c7905cffc4ef9ff9f113554423e671,B,Z,0.95,1.0454545454545454,1.8892496048071754,0.5454545454545454,10.885,8.747,19.462,9.799,0.0385,4.430983057249628,5.713438351027685,2.090909090909091,6.056664875431446,1.625681818181818,2.9066623376623375,6.056664875431446,0.23517265281115282,4.6,t,f,f,"intermittent demand: >40% zero weeks, normal model invalid"
2018-08-31,construction_tools_safety,cfe94489ddd337d1e29e12f2a7205d10,B,Z,0.95,0.84,1.1789826122551597,0.48,7.708,5.901,14.583,6.769,0.0833,2.3447228384649326,3.1015702729380252,1.68,3.2696828384649326,0.92496,1.74996,3.2696828384649326,0.24676593539771682,1.6,t,f,f,"intermittent demand: >40% zero weeks, normal model invalid"
2018-08-31,health_beauty,6aa3928696eab49a19a466e665a649fd,B,Z,0.95,0.9166666666666666,1.282547284209001,0.5,8.136,7.066,22.182,10.331,0.0455,2.7366298826671476,4.36515612540875,1.8333333333333333,3.802058454095719,1.0654285714285712,2.904785714285714,3.802058454095719,0.30931177136699856,2.6,t,f,f,"intermittent demand: >40% zero weeks, normal model invalid"
2018-08-31,sports_leisure,a3a38f4affed601eb87a97788c949667,B,Z,0.95,0.64,0.8103497187428812,0.52,11.617,6.45,24.8,7.985,0.05,1.9721432655563969,2.7814370860040816,1.28,3.0342689798421114,1.0621257142857143,2.267428571428572,3.0342689798421114,0.24191393677846668,1.6,t,f,f,"intermittent demand: >40% zero weeks, normal model invalid"
2018-08-31,musical_instruments,955fee9216a65b617aa5c0531780ce60,B,Z,0.95,1.0952380952380953,1.51343192462568,0.5238095238095238,8.875,5.574,18.583,7.113,0.0417,3.1487646393617346,4.449974233448187,2.1904761904761907,4.537370081538605,1.3886054421768708,2.9075442176870747,4.537370081538605,0.20755301456035963,5.6,t,f,f,"intermittent demand: >40% zero weeks, normal model invalid"
2018-08-31,perfumery,8444e55c1f13cd5c179851e5ca5ebd00,B,Z,0.95,0.4117647058823529,0.8702602720890289,0.7647058823529411,17.963,13.06,44.037,10.682,0.0741,2.618192270499722,3.736148340050269,0.8235294117647058,3.6748393293232513,1.0566470588235295,2.590411764705882,3.6748393293232513,0.2329377906152422,9.6,t,f,f,"intermittent demand: >40% zero weeks, normal model invalid"
2018-08-31,housewares,fffd5413c0700ac820c7069d66d98c89,B,Z,0.95,0.72,0.8426149773176358,0.48,13.043,8.556,24.848,7.382,0.087,2.382150891243523,2.8945781639296437,1.44,3.7237166055292374,1.3415657142857143,2.5557942857142852,3.7237166055292374,0.3692550501066782,1.6,t,f,f,"intermittent demand: >40% zero weeks, normal model invalid"
2018-08-31,sports_leisure,7b07b3c7487f0ea825fc6df75abd658b,B,Z,0.95,0.84,1.0279429296739517,0.52,9.522,10.201,20.424,7.347,0.0435,2.818339620918458,3.231767166662537,1.68,3.960979620918458,1.1426399999999999,2.4508799999999997,3.960979620918458,0.5104060911695367,1.6,t,f,f,"intermittent demand: >40% zero weeks, normal model invalid"
2018-08-31,books_general_interest,f0b47fbbc6dee9aafe415a6e33051b3f,B,Z,0.95,1.9565217391304348,2.0775479618042128,0.43478260869565216,9.563,5.194,22.979,9.935,0.0833,4.653540586367028,7.69394937257198,3.9130434782608696,7.326428785124793,2.6728881987577644,6.422701863354037,7.326428785124793,0.26330837183885114,3.6,t,f,f,"intermittent demand: >40% zero weeks, normal model invalid"
2018-08-31,health_beauty,431af27f296bc6519d890aa5a05fdb11,B,Z,0.95,0.7272727272727273,0.7672969364884684,0.45454545454545453,16.887,9.632,24.427,5.724,0.1371,2.559721690712142,2.55251178307911,1.4545454545454546,4.314215197205648,1.7544935064935065,2.5378701298701296,4.314215197205648,0.4135237788502499,4.6,t,f,f,"intermittent demand: >40% zero weeks, normal model invalid"
2018-08-31,bed_bath_table,9e6229250fedbe05838fef417b74e7fb,B,Z,0.95,0.43478260869565216,0.6623708763718501,0.6521739130434783,13.1,6.585,28.8,5.616,0.05,1.6352423230589708,2.283183145746,0.8695652173913043,2.448906919332263,0.8136645962732919,1.7888198757763978,2.448906919332263,0.16925834195997905,3.6,t,f,f,"intermittent demand: >40% zero weeks, normal model invalid"
2018-08-31,bed_bath_table,0885aaf116795758dfeb5f1032487bcd,B,Z,0.95,0.9583333333333334,1.1970676733137329,0.4583333333333333,5.741,4.562,16.815,7.971,0.0,2.0579186609370064,3.540474978617655,1.9166666666666667,2.8438888990322444,0.785970238095238,2.3020535714285715,2.8438888990322444,0.2491987005886923,2.6,t,f,f,"intermittent demand: >40% zero weeks, normal model invalid"
2018-08-31,health_beauty,b90e891671cffd9557f33a97dc523645,B,Z,0.95,0.6363636363636364,0.7895420339517227,0.5454545454545454,6.593,3.202,23.407,6.594,0.0,1.348243928907372,2.571358238653365,1.2727272727272727,1.9476075652710083,0.5993636363636363,2.1279090909090908,1.9476075652710083,0.12611735436518567,4.6,t,f,f,"intermittent demand: >40% zero weeks, normal model invalid"
2018-08-31,computers_accessories,bd0389da23d89b726abf911cccc54596,B,Z,0.95,0.9583333333333334,1.1220775245117838,0.4583333333333333,14.215,11.775,26.228,5.595,0.0759,3.7347609504386075,3.78825145578623,1.9166666666666667,5.6808621409147975,1.9461011904761905,3.5907380952380956,5.6808621409147975,0.5040664997163283,2.6,t,f,f,"intermittent demand: >40% zero weeks, normal model invalid"
2018-08-31,stationery,77a515caa36327151d1cc6c32a9f00e1,B,Z,0.95,0.92,1.1874342087037917,0.52,10.423,13.054,21.154,11.231,0.1154,3.6937892514062427,4.17411069836897,1.84,5.0636692514062425,1.3698800000000002,2.78024,5.0636692514062425,0.5836830457837806,1.6,t,f,f,"intermittent demand: >40% zero weeks, normal model invalid"
2018-08-31,sports_leisure,5b67882648febfb6e1225e6ad7164f6b,B,Z,0.95,0.30434782608695654,0.5587959953568722,0.7391304347826086,12.071,7.779,25.464,4.435,0.0357,1.3290263986933881,1.781513140841976,0.6086956521739131,1.85385248564991,0.5248260869565218,1.1071304347826088,1.85385248564991,0.17521818183513188,3.6,t,f,f,"intermittent demand: >40% zero weeks, normal model invalid"
2018-08-31,furniture_decor,eed78ac17f7f795a19a709745f00cd4e,B,Z,0.95,1.2,1.6091841672756186,0.5,9.732,4.535,22.75,4.637,0.0,3.372753592932432,4.947614224664382,2.4,5.041096450075289,1.668342857142857,3.9,5.041096450075289,0.14374947963192564,6.6,t,f,f,"intermittent demand: >40% zero weeks, normal model invalid"
2018-08-31,health_beauty,679769a98cfcc6da877c8486ff1c13f3,B,Z,0.95,0.23076923076923078,0.5144077999169381,0.8076923076923077,9.524,6.322,25.143,4.629,0.0,1.0447941667103378,1.6231203239385241,0.46153846153846156,1.3587721886883597,0.313978021978022,0.82889010989011,1.3587721886883597,0.10766182640075886,0.6,t,f,f,"intermittent demand: >40% zero weeks, normal model invalid"
2018-08-31,office_furniture,b8555308bfdb4ca1ed54325a58da9a97,B,Z,0.95,0.68,0.6904105059069325,0.44,10.286,5.887,21.429,7.8,0.0714,1.66729616781816,2.3454850238218223,1.36,2.6665075963895886,0.9992114285714285,2.0816742857142856,2.6665075963895886,0.3183016036386869,1.6,t,f,f,"intermittent demand: >40% zero weeks, normal model invalid"
2018-08-31,sports_leisure,e89c4adbe7b1d0819dbb636e16461cf1,B,Z,0.95,0.6666666666666666,0.816496580927726,0.5,14.68,12.263,25.24,7.412,0.12,2.7336738719696685,2.802104133054975,1.3333333333333333,4.131769110064907,1.3980952380952378,2.4038095238095236,4.131769110064907,0.49382829277133117,2.6,t,f,f,"intermittent demand: >40% zero weeks, normal model invalid"
2018-08-31,cool_stuff,2a84855fd20af891be03bc5924d2b453,B,Z,0.95,0.8,0.9574271077563381,0.52,11.667,15.7,22.333,7.933,0.0833,3.5838498164307198,3.183773382026401,1.6,4.917221245002148,1.3333714285714287,2.5523428571428575,4.917221245002148,0.6781692727762414,1.6,t,f,f,"intermittent demand: >40% zero weeks, normal model invalid"
2018-08-31,garden_tools,f680f85bee2d253556ac91be391d2c82,B,Z,0.95,0.2727272727272727,0.5504818825631804,0.7727272727272727,12.238,4.437,25.095,7.259,0.0,1.230530412912869,1.776403658870402,0.5454545454545454,1.7073356077180637,0.47680519480519473,0.9777272727272727,1.7073356077180637,0.05339612318956144,4.6,t,f,f,"intermittent demand: >40% zero weeks, normal model invalid"
2018-08-31,industry_commerce_and_business,7681ef142fd2c19048da7430856b5588,B,Z,0.95,0.72,1.1733143937865362,0.56,11.538,11.431,19.115,7.825,0.1538,3.143156290747798,3.453048217394436,1.44,4.329922005033512,1.1867657142857142,1.9661142857142855,4.329922005033512,0.3785819666577451,1.6,t,f,f,"intermittent demand: >40% zero weeks, normal model invalid"
2018-08-31,pet_shop,fa1a9dec3a9940c072684a46728bf1fc,B,Z,0.95,0.6,0.7637626158259734,0.56,14.561,5.295,28.263,6.432,0.0,1.9596572204733054,2.6822703501616862,1.2,3.2077429347590196,1.2480857142857142,2.422542857142857,3.2077429347590196,0.14512179421301868,1.6,t,f,f,"intermittent demand: >40% zero weeks, normal model invalid"
2018-08-31,toys,fa40cc5b934574b62717c68f3d678b6d,B,Y,0.95,3.0,2.8284271247461903,0.16666666666666666,11.034,8.405,22.642,7.925,0.0444,8.320052537543475,10.060844856497683,6.0,13.048909680400618,4.728857142857143,9.703714285714286,13.048909680400618,0.5071357668456986,14.6,f,t,f,stale: no sale within 13 weeks of calc_date
2018-08-31,health_beauty,6ec1a01e866584bb679eb9b098345919,B,Z,0.95,0.44,0.8698658900466594,0.68,15.25,11.759,19.857,5.4,0.25,2.4368139244066374,2.4736645744259906,0.88,3.395385352978066,0.9585714285714285,1.2481542857142858,3.395385352978066,0.24892002274028124,1.6,t,f,f,"intermittent demand: >40% zero weeks, normal model invalid"
2018-08-31,garden_tools,d50d79cb34e38265a8649c383dcffd48,B,Z,0.95,0.13043478260869565,0.34435022157509093,0.8695652173913043,12.467,6.601,25.111,8.244,0.0222,0.7824988476479949,1.1021346448561022,0.2608695652173913,1.014803195474082,0.23230434782608697,0.4679068322981366,1.014803195474082,0.06684937067870962,3.6,t,f,f,"intermittent demand: >40% zero weeks, normal model invalid"
2018-08-31,luggage_accessories,5dceca129747e92ff8ef7a997dc4f8ca,B,Z,0.95,0.7058823529411765,0.9195587176978519,0.5294117647058824,10.614,7.226,21.33,6.583,0.0457,2.214828627288872,2.8571732415675517,1.411764705882353,3.2851479550199647,1.0703193277310927,2.150924369747899,3.2851479550199647,0.2928456254233654,9.6,t,f,f,"intermittent demand: >40% zero weeks, normal model invalid"
2018-08-31,housewares,aced59e9b31ef866a94f9e7f29d8d418,B,Z,0.95,0.36,0.7000000000000001,0.72,8.982,5.446,20.526,6.798,0.0175,1.3832278278690218,2.053794663427792,0.72,1.8451592564404504,0.46193142857142855,1.0556228571428572,1.8451592564404504,0.11092546911369838,1.6,t,f,f,"intermittent demand: >40% zero weeks, normal model invalid"
2018-08-31,toys,fde0cc9ea29c8ccfc0a2c22256a58c71,B,Z,0.95,0.6666666666666666,0.7613869876268811,0.5,9.667,6.102,25.37,7.433,0.037,1.7549183239115906,2.6533504706079163,1.3333333333333333,2.6755849905782574,0.9206666666666666,2.416190476190476,2.6755849905782574,0.29669245673709177,2.6,t,f,f,"intermittent demand: >40% zero weeks, normal model invalid"
2018-08-31,baby,977f9f63dd360c2a32ece2f93ad6d306,B,Z,0.95,0.6,0.8660254037844386,0.6,12.458,7.059,23.292,9.884,0.0833,2.1451816642256722,2.9485208008427017,1.2,3.2130102356542434,1.0678285714285713,1.996457142857143,3.2130102356542434,0.21523809802451108,1.6,t,f,f,"intermittent demand: >40% zero weeks, normal model invalid"
2018-08-31,housewares,7040e82f899a04d1b434b795a43b4617,B,Z,0.95,0.9166666666666666,1.4719601443879744,0.4583333333333333,8.083,7.319,17.861,8.455,0.0556,3.0420851222495626,4.274816630333215,1.8333333333333333,4.100573217487658,1.0584880952380953,2.338940476190476,4.100573217487658,0.2685604660244507,2.6,t,f,f,"intermittent demand: >40% zero weeks, normal model invalid"
2018-08-31,small_appliances,cc3d14116804f7209f3884f6367f1152,B,Z,0.95,0.36,0.48989794855663565,0.64,13.037,7.949,30.778,8.196,0.0,1.2889870749857297,1.8263914207962317,0.72,1.9594613607000153,0.6704742857142857,1.5828685714285713,1.9594613607000153,0.272139325394206,1.6,t,f,f,"intermittent demand: >40% zero weeks, normal model invalid"
2018-08-31,furniture_decor,1554a68530182680ad5c8b042c3ab563,B,Z,0.95,1.0,1.243163121016122,0.4782608695652174,13.182,11.646,26.737,9.292,0.0584,3.919537067193278,4.553910465095743,2.0,5.802679924336135,1.8831428571428572,3.8195714285714284,5.802679924336135,0.48746389376104754,3.6,t,f,f,"intermittent demand: >40% zero weeks, normal model invalid"
2018-08-31,housewares,e5a38146df062edaf55c38afa99e42dc,B,Z,0.95,0.76,0.7788880963698616,0.44,7.558,5.779,18.814,7.069,0.0,1.6844300628415547,2.4505502534850474,1.52,2.505012919984412,0.8205828571428571,2.042662857142857,2.505012919984412,0.375392022627907,1.6,t,f,f,"intermittent demand: >40% zero weeks, normal model invalid"
2018-08-31,computers_accessories,7e3f87d16fb353f408d467e74fbd8014,B,Z,0.95,1.2,1.7320508075688772,0.48,13.097,10.215,22.458,7.904,0.0833,4.845902180563716,5.568456265035235,2.4,7.091102180563716,2.2452,3.8499428571428567,7.091102180563716,0.35330385905459394,1.6,t,f,f,"intermittent demand: >40% zero weeks, normal model invalid"
2018-08-31,computers_accessories,af4a0e4cfe1d9c26b6712b1be25a72e5,B,Y,0.95,2.0,1.4142135623730951,0.0,12.783,7.33,26.826,5.331,0.0435,4.663477204909491,5.197460429159279,4.0,8.315762919195205,3.652285714285714,7.664571428571429,8.315762919195205,0.545640574635369,24.6,f,t,f,stale: no sale within 13 weeks of calc_date
2018-08-31,computers_accessories,ed4acab38528488b65a9a9c603ff024a,B,Z,0.95,0.7142857142857143,1.1892374507581378,0.5714285714285714,9.5,5.814,21.75,8.168,0.0,2.478959484288221,3.71061587859371,1.4285714285714286,3.4483472393902623,0.9693877551020409,2.219387755102041,3.4483472393902623,0.15495784195987075,5.6,t,f,f,"intermittent demand: >40% zero weeks, normal model invalid"
2018-08-31,furniture_decor,ccf8813e5a7d6c84d865cd38bfc2b130,B,Z,0.95,0.64,0.8103497187428812,0.52,11.4,7.654,25.04,7.797,0.04,2.0538555649162222,2.780324299126762,1.28,3.0961412792019365,1.0422857142857143,2.2893714285714286,3.0961412792019365,0.3140910050065899,1.6,t,f,f,"intermittent demand: >40% zero weeks, normal model invalid"
2018-08-31,furniture_decor,bd23da7354813347129d751591d1a6e2,B,Z,0.95,0.4166666666666667,0.5835920751217648,0.625,9.782,7.929,19.989,6.793,0.023,1.374891129252065,1.7531738267249715,0.8333333333333334,1.9571530340139698,0.5822619047619048,1.1898214285714288,1.9571530340139698,0.3188131057151846,2.6,t,f,f,"intermittent demand: >40% zero weeks, normal model invalid"
2018-08-31,computers_accessories,ede0c03645598cdfc63ca8237acbe73d,B,Y,0.95,2.25,2.0943647333651407,0.3333333333333333,18.463,11.803,22.829,4.738,0.2927,8.381078588304845,6.706586141953477,4.5,14.31561430259056,5.934535714285715,7.337892857142858,14.31561430259056,0.5543811538357418,14.6,f,t,f,stale: no sale within 13 weeks of calc_date
2018-08-31,computers_accessories,25c5c91f63607446a97b143d2d535d31,B,Z,0.95,2.25,3.304037933599835,0.5,13.699,7.629,25.61,6.565,0.0618,8.606388556874402,10.959251070786555,4.5,13.009638556874402,4.40325,8.231785714285714,13.009638556874402,0.21964271358423634,22.6,t,t,f,intermittent (>40% zero weeks) and no sale in 13+ weeks
2018-08-31,auto,bd697db56ff8e7c9cd1abeb7f72029b2,B,Z,0.95,0.4782608695652174,0.7304771303365111,0.6521739130434783,10.81,4.771,23.476,8.43,0.0,1.5864796360853919,2.3956571193107794,0.9565217391304348,2.3250510646568205,0.7385714285714285,1.6039503105590063,2.3250510646568205,0.11421889679816835,3.6,t,f,f,"intermittent demand: >40% zero weeks, normal model invalid"
2018-08-31,perfumery,681fce914360217db47784ae28905a96,B,Z,0.95,0.45,0.6863327411532597,0.65,13.3,8.694,25.05,6.329,0.15,1.8073709809532326,2.2379888577287765,0.9,2.6623709809532325,0.8550000000000001,1.610357142857143,2.6623709809532325,0.2587188802006969,6.6,t,f,f,"intermittent demand: >40% zero weeks, normal model invalid"
2018-08-31,auto,cee48807215b30a12ca2ca10ffb5f250,B,Z,0.95,0.56,0.58309518948453,0.48,23.842,11.865,36.789,8.684,0.1316,2.3602478290212128,2.4779653910802493,1.12,4.2676078290212125,1.90736,2.9431200000000004,4.2676078290212125,0.4375772746017739,1.6,t,f,f,"intermittent demand: >40% zero weeks, normal model invalid"
2018-08-31,computers_accessories,5656537e588803a555b8eb41f07a944b,B,Z,0.95,1.0,1.0215078369104984,0.4166666666666667,11.553,8.153,23.263,6.817,0.0263,2.8861185496963646,3.4566097574855985,2.0,4.536547121124936,1.6504285714285716,3.3232857142857144,4.536547121124936,0.44062079116665537,2.6,t,f,f,"intermittent demand: >40% zero weeks, normal model invalid"
2018-08-31,garden_tools,48162d548f5b1b11b9d29d1e01f75a61,B,Z,0.95,0.25,0.6756639246921762,0.8333333333333334,11.78,7.048,26.22,7.637,0.0244,1.4999955402607033,2.1972145131981113,0.5,1.9207098259749888,0.4207142857142857,0.9364285714285714,1.9207098259749888,0.07618865486901087,2.6,t,f,f,"intermittent demand: >40% zero weeks, normal model invalid"
2018-08-31,computers_accessories,8e6d7754bc7e0f22c96d255ebda59eba,B,Z,0.95,0.6,2.23606797749979,0.88,14.023,9.125,20.318,7.37,0.1008,5.362368139263579,6.351759422778476,1.2,6.564339567835008,1.2019714285714285,1.741542857142857,6.564339567835008,0.05755902497332728,1.6,t,f,f,"intermittent demand: >40% zero weeks, normal model invalid"
2018-08-31,auto,a938325a4b357fd23a6a4d5bb126408e,B,Z,0.95,0.5416666666666666,0.7790276362049132,0.5833333333333334,12.96,6.38,24.68,4.432,0.04,1.9233767773063974,2.471288505102906,1.0833333333333333,2.9262339201635403,1.002857142857143,1.9097619047619048,2.9262339201635403,0.17825235487255542,2.6,t,f,f,"intermittent demand: >40% zero weeks, normal model invalid"
2018-08-31,baby,1d8dbc4f32378d715c717c1c1fc57bae,B,Z,0.95,0.875,1.02469507659596,0.5,15.567,13.503,27.546,6.19,0.0825,3.7450582843379117,3.5775430496448584,1.75,5.690933284337912,1.945875,3.44325,5.690933284337912,0.5495635406668997,10.6,t,f,f,"intermittent demand: >40% zero weeks, normal model invalid"
2018-08-31,books_general_interest,669ae81880e08f269a64487cfb287169,B,Z,0.95,0.6086956521739131,0.9409439377939296,0.5652173913043478,13.105,7.855,24.789,5.119,0.0526,2.397256536018909,3.003157109318905,1.2173913043478262,3.536821753410213,1.1395652173913045,2.1555652173913047,3.536821753410213,0.21964543870191083,3.6,t,f,f,"intermittent demand: >40% zero weeks, normal model invalid"
2018-08-31,perfumery,8931a84a914b3fe9b1ddaa4d704947ca,B,Z,0.95,0.45,0.8870412083230169,0.75,13.031,6.448,21.969,7.041,0.1563,2.104246063480077,2.689889860273601,0.9,2.94195320633722,0.8377071428571429,1.4122928571428572,2.94195320633722,0.10498819565317868,6.6,t,f,f,"intermittent demand: >40% zero weeks, normal model invalid"
2018-08-31,furniture_decor,157c3e4b42f81ac4a44e8b1ca2fe9876,B,Z,0.95,0.625,0.8242255917447338,0.5416666666666666,10.63,7.505,24.519,9.721,0.0741,2.001495479061764,2.911387359696727,1.25,2.9506026219189065,0.9491071428571429,2.1891964285714285,2.9506026219189065,0.30325686042482636,2.6,t,f,f,"intermittent demand: >40% zero weeks, normal model invalid"
2018-08-31,auto,05d2173d43ea568aa0540eba70d2ca76,B,Z,0.95,0.6956521739130435,0.8756702684071968,0.5217391304347826,12.6,5.035,25.3,6.082,0.0,2.1004014173136683,2.91318156863358,1.391304347826087,3.352575330357147,1.2521739130434784,2.5142857142857142,3.352575330357147,0.15354549232680267,3.6,t,f,f,"intermittent demand: >40% zero weeks, normal model invalid"
2018-08-31,baby,503c1de08ae81a2d86f17951b204db55,B,Z,0.95,0.3333333333333333,0.48304589153964794,0.6666666666666666,13.455,10.032,25.364,4.776,0.0455,1.3530967632504496,1.5580075971231429,0.6666666666666666,1.9938110489647354,0.6407142857142857,1.2078095238095239,1.9938110489647354,0.33723548076295556,5.6,t,f,f,"intermittent demand: >40% zero weeks, normal model invalid"
2018-08-31,housewares,cac876b37d3abcd6bd76caca30277996,B,Z,0.95,0.9523809523809523,1.395571226279421,0.42857142857142855,13.955,8.318,27.318,7.026,0.0,3.737643180090015,4.799620418625294,1.9047619047619047,5.636282635872328,1.8986394557823127,3.7167346938775507,5.636282635872328,0.24804015303611573,5.6,t,f,f,"intermittent demand: >40% zero weeks, normal model invalid"
2018-08-31,industry_commerce_and_business,76d64c4aca3a7baf218bf93ef7fa768d,B,Z,0.95,0.32,0.47609522856952335,0.68,8.87,4.414,25.478,6.842,0.0,0.9419359803698101,1.5801141027054084,0.64,1.3474216946555244,0.4054857142857143,1.1647085714285716,1.3474216946555244,0.12415959142793402,1.6,t,f,f,"intermittent demand: >40% zero weeks, normal model invalid"
2018-08-31,cool_stuff,2e90cb1677d35cfe24eef47d441b7c87,B,Z,0.95,0.4,0.816496580927726,0.76,9.412,4.098,22.824,7.791,0.0294,1.6042317466185037,2.5332440455356413,0.8,2.142060318047075,0.5378285714285715,1.3042285714285715,2.142060318047075,0.05764851325553218,1.6,t,f,f,"intermittent demand: >40% zero weeks, normal model invalid"
2018-08-31,cool_stuff,cb8bcce248bb1fb274ba762d8b971456,B,Z,0.95,0.5,0.5897678246195885,0.5416666666666666,12.492,6.498,24.607,4.818,0.0164,1.5040736995454687,1.9048671840827722,1.0,2.396359413831183,0.8922857142857143,1.757642857142857,2.396359413831183,0.25764375604791645,2.6,t,f,f,"intermittent demand: >40% zero weeks, normal model invalid"
2018-08-31,toys,725c32fa80c2faacc4fc88450d27314e,B,Z,0.95,0.7391304347826086,0.963770592485946,0.5217391304347826,8.956,6.716,21.522,7.506,0.0,2.1391228928245165,3.0701874783028797,1.4782608695652173,3.0847874890978084,0.9456645962732918,2.272509316770186,3.0847874890978084,0.2973380631433299,3.6,t,f,f,"intermittent demand: >40% zero weeks, normal model invalid"
2018-08-31,construction_tools_construction,411f3b52d857390502ee4e4d5ceabc2d,B,Z,0.95,1.25,1.5852942612451615,0.45,9.04,9.226,15.32,8.179,0.08,4.01553887054572,4.544498731067279,2.5,5.629824584831434,1.6142857142857143,2.7357142857142858,5.629824584831434,0.45542586474668517,1.6,t,f,f,"intermittent demand: >40% zero weeks, normal model invalid"
2018-08-31,bed_bath_table,3b872fd4747f01cc56206f2934198618,B,Z,0.95,0.64,0.8103497187428812,0.52,14.259,8.764,23.333,7.163,0.1481,2.3143269619652047,2.6612874533496176,1.28,3.6180069619652047,1.30368,2.133302857142857,3.6180069619652047,0.32431996871923785,1.6,t,f,f,"intermittent demand: >40% zero weeks, normal model invalid"
2018-08-31,baby,9d4db00d65d7760644ac0c14edb5fd86,B,Z,0.95,0.7,0.7326950970650465,0.45,7.5,5.816,17.292,6.721,0.0,1.572058930099074,2.1931961592645823,1.4,2.322058930099074,0.7499999999999999,1.7292,2.322058930099074,0.37031019213335103,6.6,t,f,f,"intermittent demand: >40% zero weeks, normal model invalid"
2018-08-31,toys,ac3508719a1d8f5b7614b798f70af136,B,Z,0.95,0.5909090909090909,0.9081163607574333,0.6363636363636364,9.181,5.306,27.048,6.17,0.0241,1.8625693420747087,3.0586423998253336,1.1818181818181819,2.6375888225941893,0.7750194805194804,2.283272727272727,2.6375888225941893,0.15646217655682862,4.6,t,f,f,"intermittent demand: >40% zero weeks, normal model invalid"
2018-08-31,furniture_decor,9add47bf45ce8e8c7db6b9cf670b1e09,B,Z,0.95,0.4166666666666667,0.6538625481582945,0.6666666666666666,12.265,7.025,26.147,5.321,0.0294,1.5810782428180183,2.142913802141592,0.8333333333333334,2.3111377666275423,0.7300595238095239,1.5563690476190475,2.3111377666275423,0.18924389692722982,2.6,t,f,f,"intermittent demand: >40% zero weeks, normal model invalid"
2018-08-31,health_beauty,abcd2cb37d46c2c8fb1bf071c859fc5b,B,Z,0.95,0.4782608695652174,0.7304771303365111,0.6086956521739131,13.686,6.626,30.353,5.841,0.0392,1.8376796513839313,2.5866663981358777,0.9565217391304348,2.7727479743652976,0.9350683229813664,2.0738074534161495,2.7727479743652976,0.1641917690471186,3.6,t,f,f,"intermittent demand: >40% zero weeks, normal model invalid"
2018-08-31,computers_accessories,3bb548e3cb7f70f28e3f11ee9dce0e59,B,Z,0.95,0.5217391304347826,1.473078570310593,0.8260869565217391,10.604,4.111,28.472,5.419,0.0,3.024503952911403,4.931625299245979,1.0434782608695652,3.8148642013586076,0.7903602484472049,2.122136645962733,3.8148642013586076,0.02776846634441431,3.6,t,f,f,"intermittent demand: >40% zero weeks, normal model invalid"
2018-08-31,computers_accessories,165fc07beebdcb6190fba8a06db2a449,B,Z,0.95,0.375,0.6468989572333266,0.7083333333333334,13.772,9.057,24.667,6.107,0.1053,1.6924749839175008,2.068655538765583,0.75,2.430260698203215,0.7377857142857143,1.3214464285714287,2.430260698203215,0.2223541236862417,2.6,t,f,f,"intermittent demand: >40% zero weeks, normal model invalid"
2018-08-31,computers_accessories,4e5725ba188db8252977a4f0227bd462,B,Z,0.95,1.4166666666666667,2.0652243256245835,0.5,20.727,13.467,23.136,6.643,0.2273,7.366533337712024,6.559727250947333,2.8333333333333335,11.561283337712023,4.19475,4.682285714285714,11.561283337712023,0.37034730377682107,14.6,t,t,f,intermittent (>40% zero weeks) and no sale in 13+ weeks
2018-08-31,unknown,46dc3b2cc0980fb8ec44634e21d2718e,B,Z,0.95,0.2916666666666667,0.4643056214875365,0.7083333333333334,12.789,7.956,23.974,7.667,0.0263,1.1674479763758747,1.507877195274653,0.5833333333333334,1.7003229763758747,0.532875,0.9989166666666667,1.7003229763758747,0.21814562409145882,2.6,t,f,f,"intermittent demand: >40% zero weeks, normal model invalid"
2018-08-31,health_beauty,ebd2d60905fb58271facef5596b620d3,B,Z,0.95,1.0,1.06321906614239,0.4166666666666667,12.8,18.521,24.082,5.79,0.0353,4.953069363320387,3.5175201310481534,2.0,6.781640791891816,1.8285714285714287,3.4402857142857144,6.781640791891816,0.7720376447698086,2.6,t,f,f,"intermittent demand: >40% zero weeks, normal model invalid"
2018-08-31,home_appliances_2,4917cee8d902e13428c3ec4b1ca6f315,B,Z,0.95,0.2916666666666667,0.4643056214875365,0.7083333333333334,17.185,6.552,27.778,5.892,0.0,1.2781022728340001,1.5740416741225272,0.5833333333333334,1.9941439395006668,0.7160416666666666,1.1574166666666665,1.9941439395006668,0.12343791953582264,2.6,t,f,f,"intermittent demand: >40% zero weeks, normal model invalid"
2018-08-31,telephony,70a12e78e608ac31179aea7f8422044b,B,Z,0.95,0.43478260869565216,0.7877520927828718,0.7391304347826086,13.757,8.05,24.629,5.873,0.0714,1.9939837077034568,2.5034429160466343,0.8695652173913043,2.8484557573928977,0.854472049689441,1.5297515527950312,2.8484557573928977,0.1701184085600587,3.6,t,f,f,"intermittent demand: >40% zero weeks, normal model invalid"
2018-08-31,sports_leisure,0ef83d7d83ed97cd2a0049ac8be5f88a,B,Z,0.95,0.5,0.8340576562282991,0.6666666666666666,11.125,7.134,23.417,5.09,0.0417,1.9219135245402292,2.579505725133385,1.0,2.716556381683086,0.7946428571428571,1.6726428571428573,2.716556381683086,0.19019406750251214,2.6,t,f,f,"intermittent demand: >40% zero weeks, normal model invalid"
2018-08-31,furniture_decor,95f83f51203c626648c875dd41874c7f,B,Z,0.95,0.8,0.816496580927726,0.44,11.286,5.901,25.768,4.899,0.0179,2.0343538106767194,2.736379626465451,1.6,3.324182382105291,1.2898285714285715,2.944914285714286,3.324182382105291,0.2973285844849076,1.6,t,f,f,"intermittent demand: >40% zero weeks, normal model invalid"
2018-08-31,housewares,7722b1df1b0e383e000397b2c11e3e19,B,Z,0.95,1.0769230769230769,1.4400854675491153,0.5,8.653,5.354,20.703,8.175,0.0297,2.961668067105412,4.568827247633382,2.1538461538461537,4.292898836336181,1.3312307692307692,3.1850769230769225,4.292898836336181,0.20927231012323694,0.6,t,f,f,"intermittent demand: >40% zero weeks, normal model invalid"
2018-08-31,auto,d624126b9206f595fb3fbb6ba03b28a8,B,Z,0.95,0.4166666666666667,0.928611242975073,0.75,10.074,8.974,26.37,4.235,0.037,2.0321326328803573,2.99346380930008,0.8333333333333334,2.631775490023214,0.5996428571428571,1.5696428571428573,2.631775490023214,0.18694074991776324,2.6,t,f,f,"intermittent demand: >40% zero weeks, normal model invalid"
2018-08-31,housewares,f76a3b1349b6df1ee875d1f3fa4340f0,B,Z,0.95,0.3333333333333333,0.7019641181630338,0.75,16.875,11.76,22.417,9.793,0.2917,2.0155251344378167,2.2040271762887635,0.6666666666666666,2.819096563009245,0.8035714285714285,1.0674761904761905,2.819096563009245,0.20885945041689488,2.6,t,f,f,"intermittent demand: >40% zero weeks, normal model invalid"
2018-08-31,sports_leisure,14d7985702e72162bbf13b6beb74ab2b,B,Z,0.95,0.75,0.9440891630699332,0.5416666666666666,11.026,11.188,19.763,7.19,0.1053,2.7723702261773058,2.9006642585609503,1.5,3.9537273690344485,1.1813571428571428,2.117464285714286,3.9537273690344485,0.505805355692698,2.6,t,f,f,"intermittent demand: >40% zero weeks, normal model invalid"
2018-08-31,sports_leisure,46dc3b2cc0980fb8ec44634e21d2718e,B,Z,0.95,0.35294117647058826,0.701888209634219,0.7647058823529411,12.679,6.342,23.774,4.882,0.0189,1.640385107944383,2.165817322022045,0.7058823529411765,2.2796624188687526,0.6392773109243698,1.1986890756302522,2.2796624188687526,0.10280729468114104,9.6,t,f,f,"intermittent demand: >40% zero weeks, normal model invalid"
2018-08-31,bed_bath_table,004c9cd9d87a3c30c522c48c4fc07416,B,Z,0.95,1.4444444444444444,1.6666666666666667,0.3333333333333333,14.16,8.906,26.353,5.484,0.0513,4.933562380065381,5.635418642389294,2.888888888888889,7.855467141970143,2.9219047619047616,5.437920634920635,7.855467141970143,0.37540863103344085,17.6,f,t,f,stale: no sale within 13 weeks of calc_date
2018-08-31,auto,2b1a40c1daabc6ca280c4b815c101841,B,Z,0.95,0.26666666666666666,0.5936168397046637,0.8,13.818,7.888,27.879,6.412,0.0303,1.4581767842114015,1.9895923041213595,0.5333333333333333,1.9845767842114015,0.5264,1.062057142857143,1.9845767842114015,0.11489717294284461,11.6,t,f,f,"intermittent demand: >40% zero weeks, normal model invalid"
2018-08-31,furniture_decor,b92e3c8f9738272ff7c59e111e108d7c,B,Z,0.95,0.55,0.887041208323017,0.65,16.839,10.723,62.79,22.458,0.0323,2.6535966567175286,5.245931957285046,1.1,3.9766609424318142,1.3230642857142856,4.9335,3.9766609424318142,0.27273859683243795,6.6,t,f,f,"intermittent demand: >40% zero weeks, normal model invalid"
2018-08-31,construction_tools_construction,001cca7ae9ae17fb1caed9dfb1094831,B,Z,0.95,0.5789473684210527,1.3045130838611438,0.7368421052631579,16.296,9.173,26.444,3.457,0.0741,3.503678430729134,4.196953073263673,1.1578947368421053,4.851467904413345,1.3477894736842104,2.1870977443609023,4.851467904413345,0.12685596981402014,7.6,t,f,f,"intermittent demand: >40% zero weeks, normal model invalid"
2018-08-31,bed_bath_table,e38db885400cd35c71dfd162f2c1dbcf,B,Z,0.95,0.8333333333333334,1.203858530857692,0.5833333333333334,12.531,6.657,25.094,5.783,0.0938,2.9527143953800734,3.9164831195558705,1.6666666666666667,4.444500109665788,1.4917857142857145,2.9873809523809527,4.444500109665788,0.1948992521195664,2.6,t,f,f,"intermittent demand: >40% zero weeks, normal model invalid"
2018-08-31,housewares,06579cb253ecd5a3a12a9e6eb6bf8f47,B,Z,0.95,0.9565217391304348,1.6916441939874305,0.5652173913043478,10.746,9.771,19.896,8.314,0.1045,4.08762833367264,5.0495454988185555,1.9130434782608696,5.556025849200591,1.4683975155279503,2.718708074534162,5.556025849200591,0.2886578337253663,3.6,t,f,f,"intermittent demand: >40% zero weeks, normal model invalid"
2018-08-31,computers_accessories,1838dd9b8977065acf51d95e0053ea7a,B,Z,0.95,1.3636363636363635,1.4653279998642448,0.4090909090909091,12.414,7.798,23.741,7.679,0.0172,4.067652998393257,5.075134279366718,2.727272727272727,6.4859646867049445,2.418311688311688,4.624870129870129,6.4859646867049445,0.37734121944303733,4.6,t,f,f,"intermittent demand: >40% zero weeks, normal model invalid"
2018-08-31,luggage_accessories,3f3486b61f45078d4f31ee5e43d8c5bb,B,Z,0.95,0.6666666666666666,1.1671841502435294,0.5833333333333334,13.964,9.957,23.964,10.539,0.0714,3.128197342083126,3.9171157787953654,1.3333333333333333,4.458102103987888,1.329904761904762,2.282285714285714,4.458102103987888,0.24862491309756574,2.6,t,f,f,"intermittent demand: >40% zero weeks, normal model invalid"
2018-08-31,housewares,276677b5d08786d5dce7c2149dcce48b,B,Z,0.95,0.875,1.3290238326779873,0.5833333333333334,10.8,7.467,21.233,4.133,0.0333,3.119305279732058,3.9009766749588266,1.75,4.469305279732058,1.35,2.654125,4.469305279732058,0.2422429137514854,2.6,t,f,f,"intermittent demand: >40% zero weeks, normal model invalid"
2018-08-31,housewares,3be634553519fb6536a03e1358e9fdc7,B,Z,0.95,0.8,1.3228756555322954,0.64,9.731,7.183,19.224,6.534,0.0448,2.8991683785620577,3.8093989321233113,1.6,4.011282664276344,1.1121142857142858,2.1970285714285716,4.011282664276344,0.216921831270399,1.6,t,f,f,"intermittent demand: >40% zero weeks, normal model invalid"
2018-08-31,perfumery,a888faf2d1baececa6baf9c3d603ee1f,B,Z,0.95,0.5555555555555556,0.7264831572567789,0.5555555555555556,17.944,8.671,28.63,6.29,0.0926,2.2229908745850775,2.552343329685593,1.1111111111111112,3.6471178587120616,1.4241269841269841,2.272222222222222,3.6471178587120616,0.25928442865433643,17.6,t,t,f,intermittent (>40% zero weeks) and no sale in 13+ weeks
2018-08-31,furniture_decor,cca3071e3e9bb7d12640c9fbe2301306,B,Z,0.95,0.5,0.8340576562282991,0.6666666666666666,14.374,13.063,30.667,8.195,0.0473,2.494052854953798,3.0286285466891325,1.0,3.5207671406680836,1.0267142857142857,2.1905,3.5207671406680836,0.3786805419323516,2.6,t,f,f,"intermittent demand: >40% zero weeks, normal model invalid"
2018-08-31,telephony,6c177e38df6d3f34182b1f1d427231bf,B,Z,0.95,0.28,0.458257569495584,0.72,15.0,7.437,29.023,6.132,0.0227,1.2070293553978217,1.5869660640842074,0.56,1.8070293553978218,0.6000000000000001,1.1609200000000002,1.8070293553978218,0.16433663665044096,1.6,t,f,f,"intermittent demand: >40% zero weeks, normal model invalid"
2018-08-31,pet_shop,238fac594e170b59c6d228f5a4f4f1d9,B,Z,0.95,0.5,0.8340576562282991,0.6666666666666666,12.3,8.695,22.567,5.38,0.1333,2.08584689900107,2.5430728345831493,1.0,2.9644183275724987,0.8785714285714287,1.6119285714285714,2.9644183275724987,0.23986824562252532,2.6,t,f,f,"intermittent demand: >40% zero weeks, normal model invalid"
2018-08-31,sports_leisure,7f2617c58d5d06806987308b45654351,B,Z,0.95,0.5,0.7302967433402214,0.625,12.261,6.857,21.652,4.097,0.087,1.7822666290461355,2.166788621903636,1.0,2.6580523433318497,0.8757857142857143,1.5465714285714287,2.6580523433318497,0.20432494475863355,10.6,t,f,f,"intermittent demand: >40% zero weeks, normal model invalid"
2018-08-31,furniture_decor,6c7d50c24b3ccd2fd83b44d8bb34e073,B,Z,0.95,1.0,1.2535663410560174,0.5333333333333333,12.381,6.325,24.067,5.587,0.019,3.119090740749566,4.042402372799703,2.0,4.887805026463852,1.7687142857142857,3.438142857142857,4.887805026463852,0.22705102892861886,11.6,t,f,f,"intermittent demand: >40% zero weeks, normal model invalid"
2018-08-31,toys,5f2684dab12e59f83bef73ae57724e45,B,Z,0.95,0.5,0.648074069840786,0.5769230769230769,11.015,10.154,22.215,8.292,0.0615,1.792014518840085,2.1343218873029577,1.0,2.5788002331257993,0.7867857142857143,1.5867857142857142,2.5788002331257993,0.4431897549432102,0.6,t,f,f,"intermittent demand: >40% zero weeks, normal model invalid"
2018-08-31,stationery,fd386aa7bed2af3c7035c65506c9b4a3,B,Z,0.95,0.9166666666666666,1.212853862900895,0.4583333333333333,10.458,10.71,17.667,10.18,0.1667,3.356751699140904,3.8539356958584885,1.8333333333333333,4.726251699140904,1.3695,2.3135357142857145,4.726251699140904,0.47230421197091005,2.6,t,f,f,"intermittent demand: >40% zero weeks, normal model invalid"
2018-08-31,sports_leisure,5b925e1d006e9476d738aa200751b73b,B,Z,0.95,0.52,0.714142842854285,0.6,10.81,9.458,22.032,6.368,0.0635,1.8618293179895962,2.2244881656616298,1.04,2.6648578894181676,0.8030285714285714,1.6366628571428572,2.6648578894181676,0.3852866938320939,1.6,t,f,f,"intermittent demand: >40% zero weeks, normal model invalid"
2018-08-31,housewares,a2e874074c877c5a05abae80ad6e488f,B,Z,0.95,0.56,1.2935738607954836,0.8,19.0,12.67,34.974,17.43,0.0256,3.8817464305464737,5.280160199308689,1.12,5.401746430546474,1.5200000000000002,2.79792,5.401746430546474,0.18447324727229716,1.6,t,f,f,"intermittent demand: >40% zero weeks, normal model invalid"
2018-08-31,electronics,14a08204d03bb6b6bde8029f801ae0eb,B,Z,0.95,1.6666666666666667,2.6636888135137133,0.4666666666666667,8.2,5.937,27.44,10.324,0.0,5.281427212882434,9.570668927101243,3.3333333333333335,7.233808165263387,1.952380952380952,6.533333333333334,7.233808165263387,0.19381502116012886,1.6,t,f,f,"intermittent demand: >40% zero weeks, normal model invalid"
2018-08-31,computers_accessories,974cf2cb8f4b7add98709c30df02fe10,B,Z,0.95,0.56,0.6506407098647712,0.52,11.276,8.396,24.517,6.706,0.0345,1.7508874239626016,2.1886479176600635,1.12,2.6529674239626013,0.90208,1.96136,2.6529674239626013,0.3981648342783146,1.6,t,f,f,"intermittent demand: >40% zero weeks, normal model invalid"
2018-08-31,pet_shop,1336efc61c316ddf92c899eb817f7cae,B,Z,0.95,0.4166666666666667,0.5835920751217648,0.625,9.674,5.022,22.535,6.307,0.0233,1.2309391002900474,1.8296814314895447,0.8333333333333334,1.8067724336233808,0.5758333333333333,1.3413690476190476,1.8067724336233808,0.15955713615991282,2.6,t,f,f,"intermittent demand: >40% zero weeks, normal model invalid"
2018-08-31,garden_tools,082e0bf4cb865a6533b1e8e498cc0255,B,Z,0.95,0.4583333333333333,1.3180739131701644,0.8333333333333334,13.0,10.88,30.091,6.487,0.1364,3.1784156152504233,4.549037363939234,0.9166666666666666,4.0296060914408995,0.8511904761904762,1.9702440476190475,4.0296060914408995,0.13591198010837807,2.6,t,f,f,"intermittent demand: >40% zero weeks, normal model invalid"
2018-08-31,cool_stuff,955fee9216a65b617aa5c0531780ce60,B,Z,0.95,1.4090909090909092,2.38365647311398,0.5909090909090909,9.157,6.037,19.487,5.83,0.0348,4.909671446659117,6.820619163449939,2.8181818181818183,6.7529636544513245,1.8432922077922078,3.922707792207792,6.7529636544513245,0.16575779112885963,4.6,t,f,f,"intermittent demand: >40% zero weeks, normal model invalid"
2018-08-31,auto,d97df38225e5abadaff1e72cb72b823c,B,Z,0.95,0.5652173913043478,0.66237087637185,0.5217391304347826,12.107,11.666,21.429,8.608,0.1429,2.11038054986837,2.222803143993024,1.1304347826086956,3.087964400800047,0.9775838509316769,1.7302919254658382,3.087964400800047,0.5390286625323436,3.6,t,f,f,"intermittent demand: >40% zero weeks, normal model invalid"
2018-08-31,housewares,7a241947449cc45dbfda4f9d0798d9d0,B,Z,0.95,3.0,5.196152422706632,0.6666666666666666,14.344,7.905,31.188,28.928,0.0938,13.444043173444028,27.227166788930887,6.0,19.5914717448726,6.147428571428571,13.366285714285715,19.5914717448726,0.17180859827607217,23.6,t,t,f,intermittent (>40% zero weeks) and no sale in 13+ weeks
2018-08-31,sports_leisure,9b013e03b2ab786505a1d3b5c0756754,B,Z,0.95,1.2307692307692308,1.5312136965869212,0.4230769230769231,8.268,6.895,16.732,6.984,0.0536,3.3865677399842418,4.386604966167088,2.4615384615384617,4.840282025698528,1.453714285714286,2.94189010989011,4.840282025698528,0.3467054760827105,0.6,t,f,f,"intermittent demand: >40% zero weeks, normal model invalid"
2018-08-31,sports_leisure,f8db351d8c4c4c22c6835c19a46f01b0,B,Z,0.95,0.84,1.106044001535804,0.44,10.128,7.948,21.756,7.851,0.0641,2.6925639477829617,3.562051999551537,1.68,3.9079239477829617,1.21536,2.61072,3.9079239477829617,0.33946942876278274,1.6,t,f,f,"intermittent demand: >40% zero weeks, normal model invalid"
2018-08-31,signaling_and_security,55d3daac7c404d59e51c2aa2f4dc5a23,B,Z,0.95,0.375,0.8242255917447338,0.7916666666666666,9.16,5.998,21.76,8.71,0.0,1.638444812319668,2.510503330014252,0.75,2.129159098033954,0.49071428571428566,1.165714285714286,2.129159098033954,0.10405674978726254,2.6,t,f,f,"intermittent demand: >40% zero weeks, normal model invalid"
2018-08-31,computers_accessories,18a349e75d307f4b4cc646a691ed4216,B,Z,0.95,0.68,1.0295630140987,0.6,12.857,10.036,27.381,9.08,0.0952,2.7998275438334206,3.6500523250803236,1.36,4.048793258119135,1.2489657142857142,2.6598685714285715,4.048793258119135,0.3280461920950935,1.6,t,f,f,"intermittent demand: >40% zero weeks, normal model invalid"
2018-08-31,housewares,f0837c8d71434931d9e38e7b79234797,B,Z,0.95,0.875,1.1539158284426272,0.5416666666666666,11.609,6.408,31.783,7.937,0.0435,2.776751988578694,4.361186434415797,1.75,4.227876988578694,1.451125,3.972875,4.227876988578694,0.22513621613873017,2.6,t,f,f,"intermittent demand: >40% zero weeks, normal model invalid"
2018-08-31,garden_tools,81a1104df0f08b59c68aa5b03cfe398e,B,Y,0.95,1.4285714285714286,0.7867957924694431,0.14285714285714285,12.792,7.215,26.5,6.174,0.0417,2.9877403557117845,3.261267100409101,2.857142857142857,5.5983526006097435,2.6106122448979594,5.408163265306122,5.5983526006097435,0.6571270093547665,19.6,f,t,f,stale: no sale within 13 weeks of calc_date
2018-08-31,health_beauty,2a84855fd20af891be03bc5924d2b453,B,Z,0.95,1.5789473684210527,2.4109884896191485,0.42105263157894735,4.533,3.082,18.533,6.668,0.0,3.3899678763492838,6.910768595669621,3.1578947368421053,4.4124490793568025,1.0224812030075188,4.1803759398496245,4.4124490793568025,0.11378050165839104,0.6,t,f,f,"intermittent demand: >40% zero weeks, normal model invalid"
2018-08-31,computers_accessories,b2ba3715d723d245138f291a6fe42594,C,Z,0.9,0.2916666666666667,0.6902530516863499,0.7916666666666666,13.857,5.57,23.81,7.991,0.0476,1.2796457925536384,1.6863336241980826,0.5833333333333334,1.8570207925536384,0.577375,0.9920833333333333,1.8570207925536384,0.054023228144859006,2.6,t,f,f,"intermittent demand: >40% zero weeks, normal model invalid"
2018-08-31,sports_leisure,6d66611d7c44cc30ce351abc49a68421,C,Z,0.9,0.5,0.7801894976054939,0.625,13.206,9.926,20.353,7.785,0.0882,1.6466959350894301,1.8478540530888437,1.0,2.5899816493751446,0.9432857142857143,1.4537857142857145,2.5899816493751446,0.3044653079688414,2.6,t,f,f,"intermittent demand: >40% zero weeks, normal model invalid"
2018-08-31,furniture_decor,715bbd5ba4e6b74cb0d2f29eb45058b0,C,Z,0.9,0.5833333333333334,0.8297022339981068,0.5833333333333334,7.792,4.374,22.083,7.632,0.0,1.2152151779304352,2.056967953792165,1.1666666666666667,1.8645485112637687,0.6493333333333334,1.84025,1.8645485112637687,0.14776135530900092,2.6,t,f,f,"intermittent demand: >40% zero weeks, normal model invalid"
2018-08-31,housewares,c6381d2d013342748761e906d45aff76,C,Z,0.9,0.6190476190476191,1.5644868320376009,0.7142857142857143,17.4,7.292,30.8,6.218,0.0,3.2673131187349007,4.26429501912372,1.2380952380952381,4.806088628938982,1.5387755102040814,2.723809523809524,4.806088628938982,0.06397878864600944,5.6,t,f,f,"intermittent demand: >40% zero weeks, normal model invalid"
2018-08-31,perfumery,2dee2ce60de9709b1a24083217181a1f,C,Z,0.9,0.29411764705882354,0.5878675320972554,0.7647058823529411,14.382,6.157,31.527,4.264,0.0364,1.1296279873058501,1.6152523755665404,0.5882352941176471,1.7339137015915644,0.6042857142857143,1.3246638655462186,1.7339137015915644,0.08613619366464055,9.6,t,f,f,"intermittent demand: >40% zero weeks, normal model invalid"
2018-08-31,stationery,7ecd59e5e20407131822c1a68ac59c1f,C,Z,0.9,0.9545454545454546,1.2527027058580458,0.5454545454545454,17.31,6.246,29.138,7.13,0.1034,2.7504154436464354,3.504402236893697,1.9090909090909092,5.110869989100981,2.3604545454545454,3.973363636363637,5.110869989100981,0.15749859456550483,4.6,t,f,f,"intermittent demand: >40% zero weeks, normal model invalid"
2018-08-31,bed_bath_table,37be5a7c751166fbc5f8ccba4119e043,C,Z,0.9,0.5,0.674199862463242,0.5833333333333334,10.453,6.574,24.058,6.408,0.0219,1.2152890454159757,1.705816941267054,1.0,1.9619319025588329,0.746642857142857,1.7184285714285714,1.9619319025588329,0.24519766647480562,14.6,t,t,f,intermittent (>40% zero weeks) and no sale in 13+ weeks
2018-08-31,fashion_bags_accessories,20d83f3ef0e6925fd74bfd59170babf7,C,Z,0.9,0.6923076923076923,1.4633996246885062,0.6153846153846154,8.481,6.46,20.093,6.877,0.037,2.2207559716380434,3.294790938058107,1.3846153846153846,3.059536191418263,0.8387802197802198,1.9872197802197802,3.059536191418263,0.13593702591078916,0.6,t,f,f,"intermittent demand: >40% zero weeks, normal model invalid"
2018-08-31,toys,b2ba3715d723d245138f291a6fe42594,C,Z,0.9,0.5294117647058824,0.7998161553463028,0.5882352941176471,14.036,6.08,23.4,6.946,0.0727,1.5665085216093122,1.9913243763559991,1.0588235294117647,2.628054740096707,1.061546218487395,1.7697478991596638,2.628054740096707,0.14151579066588235,9.6,t,f,f,"intermittent demand: >40% zero weeks, normal model invalid"
2018-08-31,sports_leisure,4aba391bc3b88717ce08eb11e44937b2,C,Z,0.9,0.22727272727272727,0.4289320272288885,0.7727272727272727,16.519,11.979,29.556,6.417,0.1481,0.9805655818602085,1.1606603984267407,0.45454545454545453,1.516896750691377,0.5363311688311687,0.9596103896103896,1.516896750691377,0.25837981157748197,4.6,t,f,f,"intermittent demand: >40% zero weeks, normal model invalid"
2018-08-31,watches_gifts,86ccac0b835037332a596a33b6949ee1,C,Z,0.9,0.7272727272727273,1.4203225046854735,0.6363636363636364,11.882,6.089,26.755,5.334,0.0196,2.506232000333482,3.6287574417452984,1.4545454545454546,3.7407255068269887,1.2344935064935065,2.77974025974026,3.7407255068269887,0.10464539001835951,4.6,t,f,f,"intermittent demand: >40% zero weeks, normal model invalid"
2018-08-31,toys,25e6ffe976bd75618accfe16cefcbd0d,C,Z,0.9,0.8125,0.8341662504161466,0.4375,9.917,5.75,23.024,7.799,0.0119,1.533173911816248,2.259370916077614,1.625,2.684254268959105,1.151080357142857,2.6724285714285716,2.684254268959105,0.31122586172445615,10.6,t,f,f,"intermittent demand: >40% zero weeks, normal model invalid"
2018-08-31,construction_tools_construction,e9511df20ccd82658a30c37b7fb343af,C,Z,0.9,0.6818181818181818,0.9454836825347088,0.5454545454545454,10.636,4.457,25.591,5.342,0.0,1.5938401643902282,2.4108340429398223,1.3636363636363635,2.629814190364254,1.0359740259740258,2.49262987012987,2.629814190364254,0.12184535626041154,4.6,t,f,f,"intermittent demand: >40% zero weeks, normal model invalid"
2018-08-31,pet_shop,f27e33c6d29b5138fa9967bcd445b6d5,C,Z,0.9,0.5,0.7071067811865476,0.6,13.478,7.025,24.652,7.854,0.1304,1.4123274989756327,1.846314284858551,1.0,2.3750417846899183,0.9627142857142857,1.760857142857143,2.3750417846899183,0.20731843719165838,16.6,t,t,f,intermittent (>40% zero weeks) and no sale in 13+ weeks
2018-08-31,telephony,4e922959ae960d389249c378d1c939f5,C,Z,0.9,0.391304347826087,0.7223151185146154,0.6956521739130435,12.978,8.519,26.622,8.105,0.0444,1.4004065537311015,1.896317433778037,0.782608695652174,2.1258848146006666,0.7254782608695652,1.4881863354037268,2.1258848146006666,0.18992161961648052,3.6,t,f,f,"intermittent demand: >40% zero weeks, normal model invalid"
2018-08-31,fashion_underwear_beach,a6fe7de3d16f6149ffe280349a8535a0,C,Z,0.9,0.8095238095238095,0.9807674351775562,0.47619047619047616,14.745,9.097,24.275,5.119,0.1176,2.2683677167194443,2.460513674197536,1.619047619047619,3.973571798352097,1.705204081632653,2.8073129251700677,3.973571798352097,0.3532684217260876,5.6,t,f,f,"intermittent demand: >40% zero weeks, normal model invalid"
2018-08-31,sports_leisure,2745f798279e0ed033addcc1474776d7,C,Z,0.9,0.7692307692307693,0.9268086959962984,0.46153846153846156,13.219,7.299,23.938,6.947,0.0938,1.9289189171516492,2.4044846401518023,1.5384615384615385,3.381556279789012,1.4526373626373628,2.6305494505494504,3.381556279789012,0.28398027084994815,13.6,t,t,f,intermittent (>40% zero weeks) and no sale in 13+ weeks
2018-08-31,cool_stuff,f8db351d8c4c4c22c6835c19a46f01b0,C,Z,0.9,0.4,0.7071067811865476,0.68,9.686,7.455,21.714,9.651,0.0857,1.197639348773641,1.745516746643959,0.8,1.7511250630593551,0.5534857142857142,1.2408000000000001,1.7511250630593551,0.2077969918859306,1.6,t,f,f,"intermittent demand: >40% zero weeks, normal model invalid"
2018-08-31,baby,ad781527c93d00d89a11eecd9dcad7c1,C,Y,0.9,0.5454545454545454,0.5222329678670935,0.45454545454545453,25.421,17.097,34.5,18.218,0.3158,2.1311071145867158,2.3489045945670655,1.0909090909090908,4.111964257443859,1.9808571428571429,2.688311688311688,4.111964257443859,0.6418336564832771,15.6,t,t,f,intermittent (>40% zero weeks) and no sale in 13+ weeks
2018-08-31,health_beauty,ef0ace09169ac090589d85746e3e036f,C,Z,0.9,0.375,0.5757792451369143,0.6666666666666666,12.2,5.681,24.5,5.463,0.0,1.0493218941765865,1.4305103038596454,0.75,1.702893322748015,0.6535714285714285,1.3125,1.702893322748015,0.13815631340112897,2.6,t,f,f,"intermittent demand: >40% zero weeks, normal model invalid"
2018-08-31,sports_leisure,751bdc4d83a466c7206cd42e8f426b03,C,Z,0.9,0.7333333333333333,0.9611501047232549,0.5333333333333333,11.184,7.793,23.041,6.435,0.0204,1.875846642375192,2.3959372131915786,1.4666666666666666,3.047503785232335,1.1716571428571427,2.4138190476190475,3.047503785232335,0.3110954326957223,11.6,t,f,f,"intermittent demand: >40% zero weeks, normal model invalid"
2018-08-31,garden_tools,282f23a9769b2690c5dda22e316f9941,C,Z,0.9,0.625,0.9237212077056678,0.625,9.833,7.648,19.625,7.294,0.0833,1.6535897197581393,2.1506804090993965,1.25,2.531536148329568,0.8779464285714287,1.7522321428571428,2.531536148329568,0.28007629768900355,2.6,t,f,f,"intermittent demand: >40% zero weeks, normal model invalid"
2018-08-31,bed_bath_table,0c8380b62e38e8a1e6adbeba7eb9688c,C,Z,0.9,0.56,0.8205689083394114,0.6,13.75,14.037,24.331,6.103,0.0588,2.0599354699390844,2.057993368344283,1.12,3.1599354699390845,1.1,1.9464800000000002,3.1599354699390845,0.48808281107011037,1.6,t,f,f,"intermittent demand: >40% zero weeks, normal model invalid"
2018-08-31,auto,39d54ff918774174706fb065d7f9dc07,C,Z,0.9,0.5714285714285714,0.9783367810436533,0.6666666666666666,14.958,13.684,27.333,12.548,0.0833,2.3256200584134477,2.8038210971848105,1.1428571428571428,3.5466812829032435,1.221061224489796,2.2312653061224488,3.5466812829032435,0.37892093083908907,5.6,t,f,f,"intermittent demand: >40% zero weeks, normal model invalid"
2018-08-31,furniture_decor,23613d49c3ac2bd302259e55c06c050c,C,Z,0.9,1.0833333333333333,1.4719601443879746,0.5,13.324,6.861,24.973,5.613,0.0811,2.9368397569134577,3.7328894784195237,2.1666666666666665,4.998887375961077,2.062047619047619,3.8648690476190475,4.998887375961077,0.21469139637571352,2.6,t,f,f,"intermittent demand: >40% zero weeks, normal model invalid"
2018-08-31,toys,2c9e548be18521d1c43cde1c582c6de8,C,Z,0.9,0.46153846153846156,0.7605665904189709,0.6538461538461539,16.917,14.458,21.125,5.432,0.2083,1.9464017540763883,1.7543633336037783,0.9230769230769231,3.061808347482982,1.1154065934065935,1.392857142857143,3.061808347482982,0.3939520396399844,0.6,t,f,f,"intermittent demand: >40% zero weeks, normal model invalid"
2018-08-31,health_beauty,bccf933e006e9b94a6184af782963e77,C,Z,0.9,0.32,0.6271629240742259,0.76,11.5,6.882,24.783,5.785,0.0217,1.1062746477583085,1.5498331154598113,0.64,1.631988933472594,0.5257142857142857,1.1329371428571429,1.631988933472594,0.13282488984632018,1.6,t,f,f,"intermittent demand: >40% zero weeks, normal model invalid"
2018-08-31,bed_bath_table,41b39e28db005d9731d9d485a83b4c38,C,Z,0.9,0.68,1.0692676621563626,0.6,13.461,12.309,32.814,22.596,0.0599,2.441146722629136,4.088495096982819,1.36,3.748786722629136,1.3076400000000001,3.1876457142857144,3.748786722629136,0.39405032831993736,1.6,t,f,f,"intermittent demand: >40% zero weeks, normal model invalid"
2018-08-31,health_beauty,bf84056e679dbe9c69929847a40e338f,C,Y,0.9,2.0,1.8516401995451028,0.25,12.297,10.168,18.838,6.483,0.0541,4.873751796448466,4.559467605298072,4.0,8.387180367877038,3.513428571428572,5.382285714285715,8.387180367877038,0.5835530467015722,18.6,f,t,f,stale: no sale within 13 weeks of calc_date
2018-08-31,housewares,3785b653b1b82de85ab47dd139938091,C,Z,0.9,0.6818181818181818,1.728923795075274,0.6818181818181818,11.25,5.076,30.5,4.809,0.0,2.879496085418284,4.663805515644569,1.3636363636363635,3.9752753061975046,1.0957792207792207,2.9707792207792205,3.9752753061975046,0.04841985553611501,4.6,t,f,f,"intermittent demand: >40% zero weeks, normal model invalid"
2018-08-31,bed_bath_table,42b729f859728f5079499127a9c2ef37,C,Z,0.9,1.0,1.744556751977294,0.5416666666666666,9.333,10.042,16.292,9.503,0.0417,3.1693009296233985,3.8289188832755148,2.0,4.502586643909113,1.3332857142857144,2.327428571428572,4.502586643909113,0.3365034870388674,1.6,t,f,f,"intermittent demand: >40% zero weeks, normal model invalid"
2018-08-31,home_appliances,4559697a8f7e637227c2eeaed843baff,C,Z,0.9,0.7058823529411765,1.2126781251816647,0.6470588235294118,12.242,8.411,25.212,6.338,0.0303,2.3249612411655862,3.061036487496543,1.411764705882353,3.5594486361235695,1.2344873949579833,2.542386554621849,3.5594486361235695,0.21857705576007389,9.6,t,f,f,"intermittent demand: >40% zero weeks, normal model invalid"
2018-08-31,auto,c9c7905cffc4ef9ff9f113554423e671,C,Z,0.9,0.43478260869565216,0.6623708763718501,0.6521739130434783,13.04,12.621,21.48,9.734,0.24,1.5334880347720072,1.6767410889565704,0.8695652173913043,2.343425922970765,0.8099378881987577,1.3341614906832298,2.343425922970765,0.42918760304465303,3.6,t,f,f,"intermittent demand: >40% zero weeks, normal model invalid"
2018-08-31,unknown,0c8380b62e38e8a1e6adbeba7eb9688c,C,Z,0.9,0.48,1.2622730819174324,0.76,10.645,4.758,22.742,5.26,0.0,2.038211863467779,2.952191534157001,0.96,2.768154720610636,0.7299428571428571,1.5594514285714287,2.768154720610636,0.04208320337815624,1.6,t,f,f,"intermittent demand: >40% zero weeks, normal model invalid"
2018-08-31,consoles_games,17e34d8224d27a541263c4c64b11a56b,C,Z,0.9,0.7058823529411765,1.4901638283404002,0.6470588235294118,16.875,10.481,29.031,8.106,0.125,3.2598443486678805,4.027738555803802,1.411764705882353,4.961525020936788,1.7016806722689075,2.927495798319328,4.961525020936788,0.17264438359555334,9.6,t,f,f,"intermittent demand: >40% zero weeks, normal model invalid"
2018-08-31,small_appliances,9674754b5a0cb32b638cec001178f799,C,Z,0.9,0.68,1.3453624047073711,0.64,6.597,5.519,18.149,6.416,0.0,1.8093187290903308,2.8888334382021714,1.36,2.450170157661759,0.6408514285714286,1.7630457142857145,2.450170157661759,0.14420640390241427,1.6,t,f,f,"intermittent demand: >40% zero weeks, normal model invalid"
2018-08-31,luggage_accessories,0be8ff43f22e456b4e0371b2245e4d01,C,Z,0.9,0.2727272727272727,0.5504818825631804,0.7727272727272727,10.29,7.258,23.742,10.58,0.0323,0.9289424741841708,1.4025277567429384,0.5454545454545454,1.3298515650932616,0.4009090909090909,0.925012987012987,1.3298515650932616,0.15219119128631559,4.6,t,f,f,"intermittent demand: >40% zero weeks, normal model invalid"
2018-08-31,housewares,f0b47fbbc6dee9aafe415a6e33051b3f,C,Z,0.9,0.8846153846153846,1.8182832139559133,0.6923076923076923,10.686,5.964,22.8,8.874,0.0857,3.036799184993977,4.444276351668525,1.7692307692307692,4.387227756422548,1.3504285714285713,2.8813186813186813,4.387227756422548,0.10116451137690996,0.6,t,f,f,"intermittent demand: >40% zero weeks, normal model invalid"
2018-08-31,health_beauty,57e632711dec9ec14ca7546769483e7e,C,Z,0.9,0.34782608695652173,0.5727680517510727,0.6956521739130435,11.143,5.245,27.036,5.156,0.0,0.9845062138939601,1.4794633211828385,0.6956521739130435,1.538195654887749,0.5536894409937888,1.3434037267080745,1.538195654887749,0.11509446930341692,3.6,t,f,f,"intermittent demand: >40% zero weeks, normal model invalid"
2018-08-31,health_beauty,4e17c65a516f69d023a2ae78b84f28d6,C,Z,0.9,0.45454545454545453,0.7385489458759963,0.6363636363636364,17.781,19.977,38.0,9.211,0.1563,2.24483082449938,2.3346699779220397,0.9090909090909091,3.3994412141097694,1.1546103896103894,2.4675324675324677,3.3994412141097694,0.5484335748209265,4.6,t,f,f,"intermittent demand: >40% zero weeks, normal model invalid"
2018-08-31,watches_gifts,ececbfcff9804a2d6b40f589df8eef2b,C,Z,0.9,0.4782608695652174,0.730477130336511,0.6521739130434783,13.0,7.471,23.727,7.654,0.0303,1.4336865567501103,1.8492283423206155,0.9565217391304348,2.3218853145140854,0.8881987577639752,1.6210993788819876,2.3218853145140854,0.2081875891659785,3.6,t,f,f,"intermittent demand: >40% zero weeks, normal model invalid"
2018-08-31,stationery,b2ba3715d723d245138f291a6fe42594,C,Z,0.9,0.30434782608695654,0.4704719688969648,0.6956521739130435,15.805,11.948,27.512,8.547,0.061,1.1242797845541275,1.2866916126908772,0.6086956521739131,1.8114536975976057,0.6871739130434783,1.1961739130434783,1.8114536975976057,0.35063730790960534,3.6,t,f,f,"intermittent demand: >40% zero weeks, normal model invalid"
2018-08-31,fashion_bags_accessories,33576ec5412fb5905d876f12f33bfde6,C,Z,0.9,0.5625,0.7274384280931732,0.5625,14.531,8.516,31.75,6.227,0.0313,1.6041269674278071,2.0864245487561925,1.125,2.77179661028495,1.167669642857143,2.5513392857142856,2.77179661028495,0.29889246739415004,10.6,t,f,f,"intermittent demand: >40% zero weeks, normal model invalid"
2018-08-31,health_beauty,b17b679f4f5ce2e03ce6968c62648246,C,Y,0.9,0.9090909090909091,0.8312094145936334,0.36363636363636365,19.523,10.665,26.659,5.291,0.1818,2.513066850973122,2.257657138908882,1.8181818181818181,5.048521396427668,2.5354545454545456,3.462207792207792,5.048521396427668,0.49888949257303655,15.6,f,t,f,stale: no sale within 13 weeks of calc_date
2018-08-31,housewares,7dc8c42cc750eeafea6c85712ffee9bf,C,Z,0.9,0.4090909090909091,0.9591211706105855,0.7727272727272727,9.107,7.089,19.964,7.095,0.0357,1.4991663355256943,2.1427303694743323,0.8181818181818182,2.031393608252967,0.5322272727272728,1.1667272727272728,2.031393608252967,0.12542556272054542,4.6,t,f,f,"intermittent demand: >40% zero weeks, normal model invalid"
2018-08-31,christmas_supplies,d93919c944be9cff128f6c9cb899eacb,C,Z,0.9,0.47619047619047616,0.8135752957807666,0.6666666666666666,22.406,17.928,30.969,8.181,0.125,2.433621150933928,2.306111909897407,0.9523809523809523,3.9578388380087577,1.5242176870748296,2.106734693877551,3.9578388380087577,0.41247273470071194,5.6,t,f,f,"intermittent demand: >40% zero weeks, normal model invalid"
2018-08-31,furniture_decor,b14db04aa7881970e83ffa9426897925,C,Z,0.9,0.6666666666666666,0.816496580927726,0.5,16.126,9.546,24.448,8.138,0.092,1.9697369428907354,2.1933184138673756,1.3333333333333333,3.505546466700259,1.5358095238095237,2.328380952380952,3.505546466700259,0.34988068840287406,2.6,t,f,f,"intermittent demand: >40% zero weeks, normal model invalid"
2018-08-31,perfumery,0c7533c71df861ec58ad7ff999ed0e8d,C,Z,0.9,0.6666666666666666,0.8563488385776753,0.5714285714285714,10.507,7.759,20.315,6.433,0.0411,1.6445777070099104,2.0277687706888683,1.3333333333333333,2.6452443736765767,1.0006666666666666,1.9347619047619047,2.6452443736765767,0.3315860710045214,5.6,t,f,f,"intermittent demand: >40% zero weeks, normal model invalid"
2018-08-31,sports_leisure,376a891762bbdecbc02b4b6adec3fdda,C,Y,0.9,1.4444444444444444,1.3333333333333333,0.2222222222222222,12.627,7.136,27.275,6.931,0.0392,2.9711928753119374,3.8387709331736706,2.888888888888889,5.576764303883366,2.605571428571429,5.628174603174603,5.576764303883366,0.4033905959044534,17.6,f,t,f,stale: no sale within 13 weeks of calc_date
2018-08-31,sports_leisure,9bcdfa7b615b3abb9461d9e3ad9886ae,C,Z,0.9,1.1428571428571428,2.1930626551751344,0.5714285714285714,11.5,6.621,26.1,6.086,0.05,3.8595510913501254,5.574374982920991,2.2857142857142856,5.737102111758288,1.8775510204081631,4.261224489795918,5.737102111758288,0.12883491403194547,19.6,t,t,f,intermittent (>40% zero weeks) and no sale in 13+ weeks
2018-08-31,furniture_decor,1ce3ae5a399804d1a87e706f8a813c3e,C,Z,0.9,0.68,0.8524474568362947,0.52,13.5,9.439,29.818,6.865,0.0682,1.918988919371662,2.411268793031593,1.36,3.2304174908002334,1.3114285714285716,2.8966057142857147,3.2304174908002334,0.3749738263486128,1.6,t,f,f,"intermittent demand: >40% zero weeks, normal model invalid"
2018-08-31,baby,a420f60ff1aa9acc80d0e42959f2b313,C,Z,0.9,0.38095238095238093,0.5895922723535711,0.6666666666666666,14.862,12.733,25.483,9.657,0.1379,1.4144915465120707,1.5912340969586014,0.7619047619047619,2.2233078730426827,0.8088163265306122,1.386829931972789,2.2233078730426827,0.39416516579385014,5.6,t,f,f,"intermittent demand: >40% zero weeks, normal model invalid"
2018-08-31,bed_bath_table,d4e12e7884759a14fa0f5f896c791cae,C,Z,0.9,0.8095238095238095,1.0779168622415933,0.5238095238095238,8.125,6.137,20.406,7.704,0.0625,1.7442022641394488,2.620417373328921,1.619047619047619,2.683828114479585,0.9396258503401361,2.359877551020408,2.683828114479585,0.27192798152124104,5.6,t,f,f,"intermittent demand: >40% zero weeks, normal model invalid"
2018-08-31,sports_leisure,c9c7905cffc4ef9ff9f113554423e671,C,Z,0.9,0.34782608695652173,0.5727680517510725,0.6956521739130435,10.1,4.444,23.5,8.258,0.0,0.9260128460307144,1.4440819143968575,0.6956521739130435,1.4278762000679814,0.501863354037267,1.1677018633540373,1.4278762000679814,0.09339303105368567,3.6,t,f,f,"intermittent demand: >40% zero weeks, normal model invalid"
2018-08-31,air_conditioning,6a51fc556dab5f766ced6fbc860bc613,C,Z,0.9,0.12,0.33166247903553997,0.88,14.72,7.987,25.76,4.859,0.04,0.6408544294750256,0.822331220920968,0.24,0.8931972866178828,0.25234285714285715,0.4416,0.8931972866178828,0.0749699413447672,1.6,t,f,f,"intermittent demand: >40% zero weeks, normal model invalid"
2018-08-31,toys,c8b3445d737de6befde0c88ede534a5e,C,Z,0.9,0.4117647058823529,0.5072996561958923,0.5882352941176471,11.538,7.322,23.885,7.602,0.0385,1.0006765716028236,1.3306503607947748,0.8235294117647058,1.679382453955765,0.6787058823529412,1.405,1.679382453955765,0.3042610175832827,9.6,t,f,f,"intermittent demand: >40% zero weeks, normal model invalid"
2018-08-31,electronics,70a12e78e608ac31179aea7f8422044b,C,Z,0.9,0.38461538461538464,0.869718492622904,0.7692307692307693,14.848,8.318,24.394,5.256,0.1212,1.7257381877440288,2.113348882563466,0.7692307692307693,2.5415623635682048,0.815824175824176,1.3403296703296703,2.5415623635682048,0.11519069755363956,13.6,t,t,f,intermittent (>40% zero weeks) and no sale in 13+ weeks
2018-08-31,computers_accessories,ec8879960bd2221d5c32f8e12f7da711,C,Z,0.9,1.1666666666666667,1.9407902170679516,0.5,16.314,12.506,25.029,8.223,0.1714,4.642495706715381,5.02038824834127,2.3333333333333335,7.361495706715381,2.7190000000000003,4.1715,7.361495706715381,0.33105755047371876,20.6,t,t,f,intermittent (>40% zero weeks) and no sale in 13+ weeks
2018-08-31,books_imported,bc2ac6b95e1accce9858528ee566c17e,C,Z,0.9,0.6666666666666666,0.8876253645985945,0.5833333333333334,4.727,4.049,14.5,3.738,0.0,1.0573735052162747,1.6995763849178864,1.3333333333333333,1.507563981406751,0.45019047619047625,1.380952380952381,1.507563981406751,0.21844005557486665,14.6,t,t,f,intermittent (>40% zero weeks) and no sale in 13+ weeks
2018-08-31,luggage_accessories,d1b65fc7debc3361ea86b5f14c68d2e2,C,Z,0.9,0.14285714285714285,0.3631365196012815,0.8571428571428571,10.25,6.234,25.393,8.443,0.0357,0.5862712428093809,0.9134599548747248,0.2857142857142857,0.7954549162787686,0.20918367346938774,0.5182244897959184,0.7954549162787686,0.07734218239305851,12.6,t,f,f,"intermittent demand: >40% zero weeks, normal model invalid"
2018-08-31,computers_accessories,955fee9216a65b617aa5c0531780ce60,C,Y,0.9,0.6923076923076923,0.6304251719561151,0.38461538461538464,9.565,5.639,20.174,6.692,0.0,1.1843788208940955,1.612643399208071,1.3846153846153846,2.1303678318831065,0.9459890109890109,1.9952307692307694,2.1303678318831065,0.3641642668572075,13.6,f,t,f,stale: no sale within 13 weeks of calc_date
2018-08-31,furniture_decor,4a3ca9315b744ce9f8e9374361493884,C,Z,0.9,0.5789473684210527,1.0173926082384546,0.631578947368421,15.048,9.997,24.53,7.159,0.1325,2.1857024157670515,2.55598796384704,1.1578947368421053,3.43027384433848,1.2445714285714287,2.0287969924812033,3.43027384433848,0.23502365666047645,7.6,t,f,f,"intermittent demand: >40% zero weeks, normal model invalid"
2018-08-31,health_beauty,0ef83d7d83ed97cd2a0049ac8be5f88a,C,Z,0.9,0.5384615384615384,1.1740790171285485,0.7307692307692307,8.355,4.476,23.484,6.47,0.0,1.7020240432816809,2.8287878958880404,1.0769230769230769,2.3447163509739886,0.6426923076923078,1.8064615384615383,2.3447163509739886,0.06721005341707101,0.6,t,f,f,"intermittent demand: >40% zero weeks, normal model invalid"
2018-08-31,sports_leisure,aaed1309374718fdd995ee4c58c9dfcd,C,Z,0.9,0.45454545454545453,0.6875516509523286,0.6363636363636364,12.717,5.808,28.583,5.643,0.0167,1.2822223618844846,1.8414029391716091,0.9090909090909091,2.1080015826637055,0.8257792207792207,1.856038961038961,2.1080015826637055,0.14208795094709734,15.6,t,t,f,intermittent (>40% zero weeks) and no sale in 13+ weeks
2018-08-31,sports_leisure,0509040ea3fe50071181bbc359eb7738,C,Z,0.9,0.6363636363636364,1.093071450000042,0.5454545454545454,11.349,7.194,21.872,5.833,0.0465,1.9707732283268455,2.5677264325019786,1.2727272727272727,3.002500501054118,1.0317272727272726,1.9883636363636363,3.002500501054118,0.18086492789433828,4.6,t,f,f,"intermittent demand: >40% zero weeks, normal model invalid"
2018-08-31,toys,4a3ca9315b744ce9f8e9374361493884,C,Z,0.9,0.5416666666666666,0.7210600087592461,0.5416666666666666,18.019,9.494,25.741,7.005,0.1481,1.756279979324027,1.9033280853846024,1.0833333333333333,3.1506073602764078,1.3943273809523806,1.991863095238095,3.1506073602764078,0.28737650961046945,2.6,t,f,f,"intermittent demand: >40% zero weeks, normal model invalid"
2018-08-31,health_beauty,11bfa66332777660bd0640ee84d47006,C,Z,0.9,0.76,1.0519822558706333,0.52,17.389,12.545,27.278,8.566,0.1296,2.7498883347177596,2.916047855925957,1.52,4.637836906146331,1.8879485714285713,2.9616114285714286,4.637836906146331,0.402915977394142,1.6,t,f,f,"intermittent demand: >40% zero weeks, normal model invalid"
2018-08-31,housewares,b499c00f28f4b7069ff6550af8c1348a,C,Z,0.9,0.391304347826087,0.8387832331734849,0.782608695652174,10.667,5.784,27.375,14.328,0.0833,1.3901512700095682,2.360603749623717,0.782608695652174,1.9864431954754067,0.5962919254658385,1.53027950310559,1.9864431954754067,0.08884600099989684,3.6,t,f,f,"intermittent demand: >40% zero weeks, normal model invalid"
2018-08-31,housewares,00720abe85ba0859807595bbf045a33b,C,Z,0.9,0.9090909090909091,1.6592910393438374,0.6818181818181818,8.385,8.208,21.115,8.209,0.0769,2.698661853562057,3.937836924873199,1.8181818181818181,3.787622892523096,1.088961038961039,2.742207792207792,3.787622892523096,0.25625271519324244,4.6,t,f,f,"intermittent demand: >40% zero weeks, normal model invalid"
2018-08-31,cool_stuff,8444e55c1f13cd5c179851e5ca5ebd00,C,Z,0.9,0.1875,0.4031128874149275,0.8125,16.048,7.736,41.571,9.542,0.0,0.826059765344653,1.3008644526326467,0.375,1.2559169082017958,0.4298571428571428,1.1135089285714286,1.2559169082017958,0.10334479735363278,10.6,t,f,f,"intermittent demand: >40% zero weeks, normal model invalid"
2018-08-31,fashion_bags_accessories,f214d28e8d8e3ef068748498ccc2f813,C,Z,0.9,0.8333333333333334,0.9630868246861536,0.4166666666666667,10.605,7.525,23.711,8.529,0.0789,1.9041867221478739,2.6178746523802667,1.6666666666666667,3.1666867221478743,1.2625000000000002,2.822738095238095,3.1666867221478743,0.3635026174376634,2.6,t,f,f,"intermittent demand: >40% zero weeks, normal model invalid"
2018-08-31,auto,4e922959ae960d389249c378d1c939f5,C,Z,0.9,0.35294117647058826,0.49259218307188896,0.6470588235294118,14.259,11.857,27.296,8.189,0.1481,1.1826958016425841,1.3542451070822559,0.7058823529411765,1.9016369781131726,0.7189411764705883,1.3762689075630252,1.9016369781131726,0.4196471504164728,9.6,t,f,f,"intermittent demand: >40% zero weeks, normal model invalid"
2018-08-31,sports_leisure,e2aee0892199b1d92530e371abd825bf,C,Y,0.9,2.5,2.1213203435596424,0.0,15.654,8.845,25.615,5.185,0.1538,5.737304037066936,5.7163371692279235,5.0,11.328018322781222,5.590714285714285,9.148214285714285,11.328018322781222,0.497893036910763,24.6,f,t,f,stale: no sale within 13 weeks of calc_date
2018-08-31,fashion_bags_accessories,0ebd97a106433a45a4aebe57c1799778,C,Z,0.9,0.47368421052631576,0.696692268479466,0.631578947368421,9.188,6.438,26.313,7.941,0.0,1.1653600148363161,1.8630165955220226,0.9473684210526315,1.7871043757385718,0.6217443609022557,1.7805789473684208,1.7871043757385718,0.2295279760484171,7.6,t,f,f,"intermittent demand: >40% zero weeks, normal model invalid"
2018-08-31,perfumery,f8db351d8c4c4c22c6835c19a46f01b0,C,Z,0.9,0.4782608695652174,0.9472239447886799,0.6956521739130435,12.465,10.787,23.395,5.057,0.1395,1.8751359194449482,2.262966869347983,0.9565217391304348,2.7267818821778675,0.8516459627329193,1.598416149068323,2.7267818821778675,0.2537123690237158,3.6,t,f,f,"intermittent demand: >40% zero weeks, normal model invalid"
2018-08-31,furniture_decor,53e4c6e0f4312d4d2107a8c9cddf45cd,C,Z,0.9,0.6,0.7637626158259734,0.52,12.939,22.5,22.606,9.817,0.0606,2.807047826834518,2.0632118350202617,1.2,3.916104969691661,1.109057142857143,1.9376571428571427,3.916104969691661,0.7752539780950872,1.6,t,f,f,"intermittent demand: >40% zero weeks, normal model invalid"
2018-08-31,kitchen_dining_laundry_garden_furniture,b32be1695eb7ec5f10f72d9610a12527,C,Z,0.9,0.22727272727272727,0.5284134548067254,0.8181818181818182,12.524,5.483,28.762,7.259,0.0,0.9340891676714468,1.4055204419097633,0.45454545454545453,1.3407125442948233,0.40662337662337655,0.9338311688311687,1.3407125442948233,0.059652762194471055,4.6,t,f,f,"intermittent demand: >40% zero weeks, normal model invalid"
2018-08-31,baby,05f51e13da97139648b8125c31e5f51b,C,Y,0.9,1.0,1.0,0.3333333333333333,12.0,9.325,22.121,4.691,0.1379,2.3937552456422355,2.434689730264723,2.0,4.1080409599279495,1.7142857142857142,3.160142857142857,4.1080409599279495,0.5086444216152584,23.6,f,t,f,stale: no sale within 13 weeks of calc_date
2018-08-31,sports_leisure,dbc22125167c298ef99da25668e1011f,C,Z,0.9,0.7058823529411765,1.2631659571466125,0.5882352941176471,11.509,5.928,29.019,6.078,0.0,2.212567411340026,3.388311990487909,1.411764705882353,3.3731388399114546,1.1605714285714286,2.9262857142857146,3.3731388399114546,0.11988479566485895,9.6,t,f,f,"intermittent demand: >40% zero weeks, normal model invalid"
2018-08-31,health_beauty,fb89df7f89fd1b8f03fa2acca1ba7364,C,Z,0.9,0.2916666666666667,0.5500329370901873,0.75,15.48,8.037,25.4,5.172,0.08,1.1326904412857866,1.3708496441648481,0.5833333333333334,1.7776904412857866,0.645,1.0583333333333333,1.7776904412857866,0.1435539520480416,2.6,t,f,f,"intermittent demand: >40% zero weeks, normal model invalid"
2018-08-31,cool_stuff,c0563dd588b775f2e37747ef6ad6c92c,C,Z,0.9,0.36,0.6377042156569663,0.72,10.75,7.08,19.857,6.27,0.1071,1.1150993829817382,1.4371535199586185,0.72,1.667956525838881,0.5528571428571428,1.0212171428571428,1.667956525838881,0.1751138340572849,1.6,t,f,f,"intermittent demand: >40% zero weeks, normal model invalid"
2018-08-31,housewares,994f04b3718c2bab35c2adfa8afecd2a,C,Z,0.9,0.75,0.9309493362512627,0.5,13.472,16.826,21.792,7.629,0.0566,2.842040548128464,2.3512850568519954,1.5,4.285469119557035,1.4434285714285715,2.334857142857143,4.285469119557035,0.6608453633800595,10.6,t,f,f,"intermittent demand: >40% zero weeks, normal model invalid"
2018-08-31,luggage_accessories,02f5837340d7eb4f653d676c7256523a,C,Z,0.9,0.2608695652173913,0.540823555863717,0.782608695652174,9.6,7.137,26.933,4.842,0.0333,0.880335530186789,1.3790458459508432,0.5217391304347826,1.2380995053420685,0.3577639751552795,1.0037142857142856,1.2380995053420685,0.14991940595678838,3.6,t,f,f,"intermittent demand: >40% zero weeks, normal model invalid"
2018-08-31,sports_leisure,066a6914e1ebf3ea95a216c73a986b91,C,Z,0.9,0.34782608695652173,0.5727680517510726,0.6956521739130435,12.114,8.668,31.318,6.994,0.0227,1.1122555820617122,1.6152281705613074,0.6956521739130435,1.71419347026047,0.6019378881987578,1.5561739130434782,1.71419347026047,0.24627992359214623,3.6,t,f,f,"intermittent demand: >40% zero weeks, normal model invalid"
2018-08-31,cool_stuff,05ff92fedb5be47920fea08e501238b9,C,Z,0.9,0.11764705882352941,0.3321055820775357,0.8823529411764706,11.414,4.925,31.172,8.607,0.0,0.5537338358551707,0.9170758870264698,0.23529411764705882,0.74556576862828,0.19183193277310923,0.5238991596638655,0.74556576862828,0.036698522990595346,9.6,t,f,f,"intermittent demand: >40% zero weeks, normal model invalid"
2018-08-31,sports_leisure,4da0e408c99d2fdc2126dc9fce518060,C,Z,0.9,0.5,0.9780192938436515,0.7083333333333334,9.347,4.755,31.735,8.72,0.0,1.512332436255067,2.7855432458508345,1.0,2.179975293397924,0.6676428571428571,2.266785714285714,2.179975293397924,0.08283666546065432,2.6,t,f,f,"intermittent demand: >40% zero weeks, normal model invalid"
2018-08-31,sports_leisure,7008613ea464bad5cb9b83456e1e6a8f,C,Z,0.9,0.52,1.1224972160321824,0.72,14.132,6.877,28.06,5.443,0.0397,2.1462606150306747,2.9263995056764642,1.04,3.196066329316389,1.0498057142857142,2.0844571428571426,3.196066329316389,0.09304990084505119,1.6,t,f,f,"intermittent demand: >40% zero weeks, normal model invalid"
2018-08-31,watches_gifts,715bbd5ba4e6b74cb0d2f29eb45058b0,C,Z,0.9,0.6086956521739131,0.7223151185146154,0.5217391304347826,13.963,8.56,25.815,8.647,0.1481,1.6183993068017326,2.0220400865844756,1.2173913043478262,2.832573219845211,1.2141739130434783,2.2447826086956524,2.832573219845211,0.3474182690399415,3.6,t,f,f,"intermittent demand: >40% zero weeks, normal model invalid"
2018-08-31,electronics,edf96ef93ed595084bbcbd9224bd2894,C,Z,0.9,0.17647058823529413,0.3929526239966879,0.8235294117647058,13.963,8.234,23.148,7.609,0.0741,0.7593630899025827,0.9481870100464941,0.35294117647058826,1.1113714932639271,0.35200840336134454,0.5835630252100841,1.1113714932639271,0.12272796004443494,9.6,t,f,f,"intermittent demand: >40% zero weeks, normal model invalid"
2018-08-31,sports_leisure,bc47d5d1490df2b36add65d733eafaba,C,Z,0.9,0.6086956521739131,0.7827184815397383,0.5217391304347826,13.273,7.881,25.0,7.224,0.0909,1.6368331586647678,2.0595262650348514,1.2173913043478262,2.791007071708246,1.1541739130434783,2.173913043478261,2.791007071708246,0.28789247720666067,3.6,t,f,f,"intermittent demand: >40% zero weeks, normal model invalid"
2018-08-31,luggage_accessories,f262cbc1c910c83959f849465454ddd3,C,Z,0.9,0.7916666666666666,1.4440030912488488,0.625,11.595,9.103,18.216,5.218,0.1892,2.722739511461718,3.0795653182792853,1.5833333333333333,4.034078797176004,1.3113392857142858,2.060142857142857,4.034078797176004,0.23481060496247808,2.6,t,f,f,"intermittent demand: >40% zero weeks, normal model invalid"
2018-08-31,housewares,6edacfd9f9074789dad6d62ba7950b9c,C,Z,0.9,0.5833333333333334,0.6538625481582945,0.5,9.0,6.108,20.75,7.398,0.0357,1.1525206635968108,1.6448911764992082,1.1666666666666667,1.9025206635968108,0.7500000000000001,1.7291666666666667,1.9025206635968108,0.3203393532553568,2.6,t,f,f,"intermittent demand: >40% zero weeks, normal model invalid"
2018-08-31,baby,46dc3b2cc0980fb8ec44634e21d2718e,C,Z,0.9,0.08695652173913043,0.2881040655200304,0.9130434782608695,13.581,11.523,24.774,7.753,0.129,0.5460212884890637,0.705480540877748,0.17391304347826086,0.7147293630232252,0.16870807453416148,0.307751552795031,0.7147293630232252,0.1128736016590311,3.6,t,f,f,"intermittent demand: >40% zero weeks, normal model invalid"
2018-08-31,pet_shop,3361277dc30b7cccdb0c286b24219756,C,Z,0.9,0.25,0.4423258684646914,0.75,14.125,5.972,29.313,5.614,0.0938,0.8503642032195843,1.18812182107512,0.5,1.35482848893387,0.5044642857142857,1.046892857142857,1.35482848893387,0.10332032570843862,2.6,t,f,f,"intermittent demand: >40% zero weeks, normal model invalid"
2018-08-31,costruction_tools_garden,49067458c68f7701fd334ce326accbe0,C,Z,0.9,1.0,1.3831281496162493,0.5833333333333334,11.906,4.617,26.25,8.621,0.0,2.461395904081363,3.778009065327505,2.0,4.162253046938506,1.7008571428571428,3.75,4.162253046938506,0.11793233377648144,2.6,t,f,f,"intermittent demand: >40% zero weeks, normal model invalid"
2018-08-31,toys,adbc26658d6c7b4b6219f9d934598091,C,Z,0.9,0.2,0.40824829046386313,0.8,17.765,9.397,24.882,4.734,0.1471,0.9017067934552675,1.0015168189008912,0.4,1.4092782220266962,0.5075714285714286,0.7109142857142858,1.4092782220266962,0.14560753598890133,1.6,t,f,f,"intermittent demand: >40% zero weeks, normal model invalid"
2018-08-31,health_beauty,729b2d09b2a0bdab221076327f13d050,C,Z,0.9,0.8,1.118033988749895,0.56,11.0,6.0,24.395,7.221,0.0263,1.999585895819338,2.8763051953691225,1.6,3.256728752962195,1.2571428571428571,2.7880000000000003,3.256728752962195,0.19314276133791597,1.6,t,f,f,"intermittent demand: >40% zero weeks, normal model invalid"
2018-08-31,kitchen_dining_laundry_garden_furniture,07bf9669d84d1f11be443a9dd938f698,C,Z,0.9,0.5294117647058824,0.7998161553463029,0.6470588235294118,8.545,5.115,27.545,10.694,0.0,1.2362490059856972,2.2822356523933442,1.0588235294117647,1.8825095101873779,0.6462605042016807,2.0832352941176473,1.8825095101873779,0.16082095337617547,9.6,t,f,f,"intermittent demand: >40% zero weeks, normal model invalid"
2018-08-31,garden_tools,001cca7ae9ae17fb1caed9dfb1094831,C,Z,0.9,0.3333333333333333,0.48795003647426666,0.6666666666666666,12.696,8.087,26.309,4.636,0.0483,0.9761142391932972,1.244887187988552,0.6666666666666666,1.5806856677647256,0.6045714285714285,1.2528095238095238,1.5806856677647256,0.25562726381860024,11.6,t,f,f,"intermittent demand: >40% zero weeks, normal model invalid"
2018-08-31,sports_leisure,ef990a83bbea832f36ebe81376335aa8,C,Z,0.9,0.34782608695652173,0.6472807211834833,0.7391304347826086,17.875,9.822,26.1,5.276,0.225,1.465720938439151,1.6366256031327373,0.6956521739130435,2.353919696203126,0.888198757763975,1.2968944099378883,2.353919696203126,0.18209485221624416,3.6,t,f,f,"intermittent demand: >40% zero weeks, normal model invalid"
2018-08-31,sports_leisure,1da3aeb70d7989d1e6d9b0e887f97c23,C,Z,0.9,1.0416666666666667,1.3981094896064243,0.4583333333333333,8.387,7.521,20.547,8.468,0.0267,2.42975642031457,3.4686117701712877,2.0833333333333335,3.6778218965050464,1.2480654761904764,3.057589285714286,3.6778218965050464,0.34846512969517907,2.6,t,f,f,"intermittent demand: >40% zero weeks, normal model invalid"
2018-08-31,fashion_bags_accessories,e5a3438891c0bfdb9394643f95273d8e,C,Y,0.9,4.0,2.5495097567963922,0.2,15.799,11.179,22.013,6.357,0.1887,9.545369437258078,7.432581242922098,8.0,18.57336943725808,9.028,12.578857142857144,18.57336943725808,0.7355572874430729,21.6,f,t,f,stale: no sale within 13 weeks of calc_date
2018-08-31,auto,25cf099de44674fde97473224f9d59ab,C,Z,0.9,0.88,0.9712534856222311,0.44,9.3,7.393,22.22,8.97,0.04,1.8646820560008601,2.646960966494756,1.76,3.033824913143717,1.1691428571428573,2.793371428571428,3.033824913143717,0.40801230834784186,1.6,t,f,f,"intermittent demand: >40% zero weeks, normal model invalid"
2018-08-31,market_place,7d456afc660226829370f3173d14520c,C,Z,0.9,0.4,0.5773502691896258,0.64,8.485,7.4,22.697,8.862,0.0303,0.9784004418400878,1.4819804253955164,0.8,1.4632575846972307,0.4848571428571428,1.2969714285714287,1.4632575846972307,0.3067794275897003,1.6,t,f,f,"intermittent demand: >40% zero weeks, normal model invalid"
2018-08-31,furniture_decor,cac4c8e7b1ca6252d8f20b2fc1a2e4af,C,Z,0.9,1.25,1.5948285992135849,0.4583333333333333,16.295,11.242,25.557,7.869,0.1639,4.042662546300218,4.3005108868651805,2.5,6.952483974871647,2.909821428571429,4.56375,6.952483974871647,0.4049937275745268,2.6,t,f,f,"intermittent demand: >40% zero weeks, normal model invalid"
2018-08-31,furniture_decor,334cab711dee080b079fa5779b584783,C,Z,0.9,1.368421052631579,2.338340492167456,0.5263157894736842,6.808,5.307,21.269,8.478,0.0,3.2406234792143875,5.638892443130001,2.736842105263158,4.5715106972595,1.3308872180451128,4.15784962406015,4.5715106972595,0.16832809627014714,3.6,t,f,f,"intermittent demand: >40% zero weeks, normal model invalid"
2018-08-31,electronics,b2ba3715d723d245138f291a6fe42594,C,Z,0.9,0.5625,1.4127396551853895,0.8125,13.088,5.029,25.118,8.253,0.0294,2.529221771641466,3.533328051913441,1.125,3.5809360573557516,1.0517142857142856,2.0184107142857144,3.5809360573557516,0.041928622311126706,10.6,t,f,f,"intermittent demand: >40% zero weeks, normal model invalid"
2018-08-31,computers_accessories,8c16d1f32a54d92897cc437244442e1b,C,Z,0.9,0.8,1.5275252316519468,0.64,11.452,7.237,25.036,4.43,0.0238,2.719005506794302,3.7586093097345428,1.6,4.027805506794302,1.3088,2.861257142857143,4.027805506794302,0.15196831071783795,1.6,t,f,f,"intermittent demand: >40% zero weeks, normal model invalid"
2018-08-31,sports_leisure,9616352088dcf83a7c06637f4ebf1c80,C,Z,0.9,0.44,0.7681145747868608,0.68,12.33,3.766,27.742,5.364,0.0,1.341215329860552,2.006737481379164,0.88,2.116243901289123,0.7750285714285714,1.743782857142857,2.116243901289123,0.051161710735309174,1.6,t,f,f,"intermittent demand: >40% zero weeks, normal model invalid"
2018-08-31,health_beauty,8b28d096634035667e8263d57ba3368c,C,Z,0.9,0.7,1.1285761872936695,0.6,12.812,9.892,24.522,5.13,0.1159,2.3314810335654594,2.7857366585543546,1.4,3.612681033565459,1.2812,2.4522,3.612681033565459,0.29564913498435874,6.6,t,f,f,"intermittent demand: >40% zero weeks, normal model invalid"
2018-08-31,housewares,f3da5b2ff499efb8d4a6d371d175d7dd,C,Z,0.9,1.0,1.2747548783981961,0.4117647058823529,11.913,13.163,17.043,4.847,0.1739,3.217059336853308,2.6991398961923916,2.0,4.91891647971045,1.701857142857143,2.4347142857142856,4.91891647971045,0.5611354559908851,9.6,t,f,f,"intermittent demand: >40% zero weeks, normal model invalid"
2018-08-31,furniture_decor,f7720c4fa8e3aba4546301ab80ea1f1b,C,Z,0.9,1.2916666666666667,1.3666578295932035,0.4166666666666667,9.727,10.029,24.091,6.454,0.0303,3.1443900628015617,3.589783554721946,2.5833333333333335,4.939253158039657,1.7948630952380955,4.445363095238096,4.939253158039657,0.5688783783337967,2.6,t,f,f,"intermittent demand: >40% zero weeks, normal model invalid"
2018-08-31,health_beauty,59fb871bf6f4522a87ba567b42dafecf,C,Z,0.9,0.5,1.224744871391589,0.8333333333333334,11.587,8.611,25.978,10.077,0.0326,2.167770681191137,3.161254387377803,1.0,2.995413538333994,0.8276428571428571,1.8555714285714286,2.995413538333994,0.13221983220031613,20.6,t,t,f,intermittent (>40% zero weeks) and no sale in 13+ weeks
2018-08-31,furniture_decor,6fc26fe110feebd80a433e1f012a84f9,C,Z,0.9,0.5,1.1420804814403216,0.75,11.319,6.588,25.903,10.108,0.0694,1.9564419486861182,2.9636638380230735,1.0,2.7649419486861184,0.8085000000000001,1.8502142857142856,2.7649419486861184,0.09501438211326539,2.6,t,f,f,"intermittent demand: >40% zero weeks, normal model invalid"
2018-08-31,sports_leisure,2089a6d640999f9b9141ac719b2af596,C,Z,0.9,0.3125,0.6020797289396148,0.75,18.64,10.716,32.72,8.254,0.04,1.4004406159161533,1.733749185116479,0.625,2.2325834730590106,0.8321428571428571,1.4607142857142859,2.2325834730590106,0.19165146730831037,10.6,t,f,f,"intermittent demand: >40% zero weeks, normal model invalid"
2018-08-31,health_beauty,56642bcb79900e777d68e91915cb4267,C,Z,0.9,0.3,0.6569466853317862,0.8,12.741,9.222,24.556,9.504,0.037,1.2436604286215465,1.6610232678247605,0.6,1.7897032857644035,0.546042857142857,1.0524,1.7897032857644035,0.1658689915521191,6.6,t,f,f,"intermittent demand: >40% zero weeks, normal model invalid"
2018-08-31,electronics,4e922959ae960d389249c378d1c939f5,C,Z,0.9,0.2608695652173913,0.6887004431501819,0.8260869565217391,15.552,8.822,27.517,7.258,0.1034,1.3813838096442217,1.783921518572349,0.5217391304347826,1.9609614493957745,0.5795776397515527,1.0254782608695652,1.9609614493957745,0.09303113155210097,3.6,t,f,f,"intermittent demand: >40% zero weeks, normal model invalid"
2018-08-31,home_appliances_2,13d058e4eeac2ce8217660b2f8a05812,C,Z,0.9,0.2,0.4103913408340617,0.8,11.364,8.55,21.636,7.248,0.0909,0.739639643907538,0.9619749013411311,0.4,1.0643253581932524,0.3246857142857143,0.6181714285714286,1.0643253581932524,0.17915459439588663,6.6,t,f,f,"intermittent demand: >40% zero weeks, normal model invalid"
2018-08-31,health_beauty,4c498c7345e89aebad651544829beca0,C,Z,0.9,0.42857142857142855,0.5976143046671968,0.6190476190476191,13.107,9.081,22.036,6.155,0.0714,1.2672709966170816,1.4421251644182074,0.8571428571428571,2.0697403843721833,0.8024693877551019,1.3491428571428572,2.0697403843721833,0.31611920473678057,5.6,t,f,f,"intermittent demand: >40% zero weeks, normal model invalid"
2018-08-31,housewares,c68fb906c8f4b4b946d8386bfa6e5467,C,Z,0.9,0.36363636363636365,0.49236596391733095,0.6363636363636364,10.515,5.298,22.909,6.756,0.0303,0.8499907752137951,1.2269201034748871,0.7272727272727273,1.3962245414475614,0.5462337662337663,1.190077922077922,1.3962245414475614,0.17218931025789475,4.6,t,f,f,"intermittent demand: >40% zero weeks, normal model invalid"
2018-08-31,telephony,18a349e75d307f4b4cc646a691ed4216,C,Z,0.9,0.96,1.2409673645990857,0.44,7.76,6.888,23.24,9.203,0.04,2.0662588789724747,3.3186399057250076,1.92,3.130487450401046,1.0642285714285713,3.1872,3.130487450401046,0.3432696192680277,1.6,t,f,f,"intermittent demand: >40% zero weeks, normal model invalid"
2018-08-31,pet_shop,30a81d8cf85fb2ada1b1b094c9583a95,C,Z,0.9,0.7083333333333334,0.9078961186825509,0.5416666666666666,3.9,3.432,11.5,4.64,0.0,0.9758714324494411,1.6081400467116027,1.4166666666666667,1.3705142895922982,0.3946428571428572,1.1636904761904763,1.3705142895922982,0.2079987855550357,2.6,t,f,f,"intermittent demand: >40% zero weeks, normal model invalid"
2018-08-31,sports_leisure,7e1fb0a3ebfb01ffb3a7dae98bf3238d,C,Z,0.9,0.6,0.8944271909999159,0.6,15.318,8.632,26.682,7.319,0.0,1.942749091218663,2.377936279263876,1.2,3.255720519790091,1.3129714285714285,2.287028571428571,3.255720519790091,0.23821440833365048,21.6,t,t,f,intermittent (>40% zero weeks) and no sale in 13+ weeks
2018-08-31,health_beauty,4371b634e0efc0e22b09b52907d9d469,C,Z,0.9,0.7222222222222222,0.8947924869885987,0.5,8.846,9.042,19.821,6.5,0.0513,1.7581601585832183,2.112368286241864,1.4444444444444444,2.670842698265758,0.9126825396825398,2.04502380952381,2.670842698265758,0.46241287968401174,8.6,t,f,f,"intermittent demand: >40% zero weeks, normal model invalid"
2018-08-31,books_technical,0ffa40d54288e4f3499b8780dd0f144f,C,Y,0.9,1.0,0.9428090415820634,0.3,12.719,7.826,25.594,4.087,0.0938,2.1692073125902005,2.428505019195141,2.0,3.9862073125902002,1.817,3.6562857142857146,3.9862073125902002,0.4362683009197948,16.6,f,t,f,stale: no sale within 13 weeks of calc_date
2018-08-31,toys,a3a38f4affed601eb87a97788c949667,C,Y,0.9,0.5454545454545454,0.5222329678670935,0.45454545454545453,13.787,10.886,29.222,7.924,0.0463,1.4366532760372723,1.5798831291451636,1.0909090909090908,2.5109649643489607,1.0743116883116883,2.277038961038961,2.5109649643489607,0.5725665155656201,15.6,t,t,f,intermittent (>40% zero weeks) and no sale in 13+ weeks
2018-08-31,health_beauty,1da3aeb70d7989d1e6d9b0e887f97c23,C,Z,0.9,0.5833333333333334,0.6538625481582945,0.5,8.52,6.306,21.36,9.81,0.12,1.1437608431025101,1.800067950894958,1.1666666666666667,1.85376084310251,0.71,1.78,1.85376084310251,0.34669466852260855,2.6,t,f,f,"intermittent demand: >40% zero weeks, normal model invalid"
2018-08-31,health_beauty,d3f39f05462b79a4562d35893a28f159,C,X,0.9,3.5,0.7071067811865476,0.0,13.25,11.429,23.5,5.206,0.2,7.428792945004165,3.7262487352491678,7.0,14.053792945004165,6.625,11.75,14.053792945004165,0.9718341082501759,24.6,f,t,f,stale: no sale within 13 weeks of calc_date
2018-08-31,toys,d98eec89afa3380e14463da2aabaea72,C,Z,0.9,0.47619047619047616,0.6796357567879738,0.6190476190476191,9.592,8.386,27.878,6.476,0.0408,1.2546020543923189,1.8275697812616973,0.9523809523809523,1.90711906119504,0.6525170068027211,1.8964625850340135,1.90711906119504,0.3395746243442527,5.6,t,f,f,"intermittent demand: >40% zero weeks, normal model invalid"
2018-08-31,auto,ea8482cd71df3c1969d7b9473ff13abc,C,Z,0.9,0.9583333333333334,1.1220775245117838,0.4583333333333333,7.88,5.426,17.12,7.897,0.04,1.7983591663857421,2.641412106976929,1.9166666666666667,2.877168690195266,1.0788095238095239,2.343809523809524,2.877168690195266,0.2802308813143699,2.6,t,f,f,"intermittent demand: >40% zero weeks, normal model invalid"
2018-08-31,market_place,6039e27294dc75811c0d8a39069f52c0,C,Z,0.9,0.42857142857142855,0.646206172658864,0.6428571428571429,16.44,11.21,24.04,5.726,0.12,1.5441320319297396,1.5991163552321488,0.8571428571428571,2.5506626441746376,1.006530612244898,1.4718367346938774,2.5506626441746376,0.3244627772122165,12.6,t,f,f,"intermittent demand: >40% zero weeks, normal model invalid"
2018-08-31,electronics,582d4f8675b945722eda7c0cb61ba4c7,C,Z,0.9,0.6,1.353358395757909,0.65,10.694,5.461,24.677,5.127,0.0161,2.226078884991556,3.3048036132158356,1.2,3.142707456420127,0.9166285714285715,2.1151714285714287,3.142707456420127,0.07261759211458825,6.6,t,f,f,"intermittent demand: >40% zero weeks, normal model invalid"
2018-08-31,health_beauty,5debea795b07621e1f90532e18f96145,C,Z,0.9,0.3333333333333333,0.6370220572706061,0.75,10.188,7.35,27.656,9.132,0.0,1.0822160029125367,1.7157228910882614,0.6666666666666666,1.5673588600553938,0.48514285714285715,1.3169523809523809,1.5673588600553938,0.1717830686217724,2.6,t,f,f,"intermittent demand: >40% zero weeks, normal model invalid"
2018-08-31,auto,3f995f07c49d0d55a99d5c54957f7d81,C,Z,0.9,0.36,0.7571877794400365,0.76,8.78,4.492,21.439,7.42,0.0,1.1263757345316918,1.767228824650897,0.72,1.5779185916745488,0.4515428571428571,1.102577142857143,1.5779185916745488,0.06908663115376237,1.6,t,f,f,"intermittent demand: >40% zero weeks, normal model invalid"
2018-08-31,fashion_bags_accessories,d98eec89afa3380e14463da2aabaea72,C,Z,0.9,0.7083333333333334,1.082636342118332,0.625,7.403,3.66,25.484,6.467,0.0,1.5037059053294035,2.7769648826837323,1.4166666666666667,2.2528190005674986,0.7491130952380953,2.5787380952380956,2.2528190005674986,0.09962946782400464,2.6,t,f,f,"intermittent demand: >40% zero weeks, normal model invalid"
2018-08-31,furniture_decor,0bf0150d5b9d60d9cd2906003332f085,C,Z,0.9,0.5714285714285714,0.7867957924694431,0.5714285714285714,13.825,11.123,21.386,5.308,0.1404,1.8335966904137986,1.8478503142045544,1.1428571428571428,2.962168118985227,1.1285714285714283,1.7457959183673468,2.962168118985227,0.4027506363060992,19.6,t,t,f,intermittent (>40% zero weeks) and no sale in 13+ weeks
2018-08-31,market_place,aafe36600ce604f205b86b5084d3d767,C,Z,0.9,0.4583333333333333,0.6580053301400783,0.625,9.9,5.409,25.95,8.268,0.0,1.100773371576572,1.7656380878586502,0.9166666666666666,1.7489876572908578,0.6482142857142857,1.6991071428571427,1.7489876572908578,0.17001103466732628,2.6,t,f,f,"intermittent demand: >40% zero weeks, normal model invalid"
2018-08-31,cool_stuff,46dc3b2cc0980fb8ec44634e21d2718e,C,Z,0.9,0.13333333333333333,0.3518657752744984,0.8666666666666667,12.963,8.711,25.667,6.499,0.037,0.6494423133967214,0.8779313234790997,0.26666666666666666,0.8963565991110071,0.24691428571428567,0.4888952380952381,0.8963565991110071,0.1072033679786209,11.6,t,f,f,"intermittent demand: >40% zero weeks, normal model invalid"
2018-08-31,sports_leisure,4830e40640734fc1c52cd21127c341d4,C,Z,0.9,0.625,0.7696696072652383,0.5416666666666666,5.45,3.268,14.8,7.905,0.0,0.9472719512858535,1.695644870057064,1.25,1.4338790941429964,0.48660714285714285,1.3214285714285714,1.4338790941429964,0.15582992630871406,2.6,t,f,f,"intermittent demand: >40% zero weeks, normal model invalid"
2018-08-31,health_beauty,b56906f7fd1696e043f1bcce164c487b,C,Z,0.9,0.5652173913043478,0.8957519419470861,0.6521739130434783,12.571,9.88,26.2,5.54,0.0571,1.8471119790388348,2.29367853882353,1.1304347826086956,2.8621616684798283,1.0150496894409937,2.115527950310559,2.8621616684798283,0.3063617650936686,3.6,t,f,f,"intermittent demand: >40% zero weeks, normal model invalid"
2018-08-31,housewares,0be8ff43f22e456b4e0371b2245e4d01,C,Z,0.9,0.4583333333333333,0.721060008759246,0.625,8.04,5.184,22.6,10.697,0.04,1.0816672293647467,1.8874873494511586,0.9166666666666666,1.608095800793318,0.5264285714285714,1.4797619047619048,1.608095800793318,0.16172666050674467,2.6,t,f,f,"intermittent demand: >40% zero weeks, normal model invalid"
2018-08-31,sports_leisure,33ac3e28642ab8bda860a2f693000e78,C,Z,0.9,0.47619047619047616,0.6796357567879737,0.6190476190476191,8.727,5.033,21.697,7.02,0.0,1.0669161020688156,1.6510452090751422,0.9523809523809523,1.6605895714565706,0.593673469387755,1.475986394557823,1.6605895714565706,0.16913396224069357,5.6,t,f,f,"intermittent demand: >40% zero weeks, normal model invalid"
2018-08-31,furniture_decor,30a2f535bb48308f991d0b9ad4a8c4bb,C,Z,0.9,0.38095238095238093,0.6690433824641326,0.7142857142857143,8.419,7.012,21.244,6.251,0.0349,1.0598830755412083,1.5560112445357301,0.7619047619047619,1.5180599462895077,0.4581768707482993,1.1561360544217685,1.5180599462895077,0.2129047621981543,5.6,t,f,f,"intermittent demand: >40% zero weeks, normal model invalid"
2018-08-31,bed_bath_table,822166ed1e47908f7cfb49946d03c726,C,Z,0.9,0.4,0.7539370349250519,0.75,13.77,7.501,26.59,5.809,0.01,1.462254192043568,1.930585881494087,0.8,2.249111334900711,0.7868571428571429,1.5194285714285716,2.249111334900711,0.14112002813314745,6.6,t,f,f,"intermittent demand: >40% zero weeks, normal model invalid"
2018-08-31,housewares,e63e8bfa530fb16910dd6956e592bb81,C,Y,0.9,0.6538461538461539,0.6287961636211017,0.4230769230769231,8.821,5.581,22.41,7.986,0.0513,1.1245548027915053,1.7299662776604383,1.3076923076923077,1.9484943632310658,0.8239395604395604,2.093241758241758,1.9484943632310658,0.352931184252473,0.6,t,f,f,"intermittent demand: >40% zero weeks, normal model invalid"
2018-08-31,furniture_decor,95e03ca3d4146e4011985981aeb959b9,C,Z,0.9,0.45,0.8870412083230169,0.75,17.381,29.126,28.619,5.436,0.0476,2.99443435066731,2.3417941664006334,0.9,4.11178435066731,1.11735,1.8397928571428572,4.11178435066731,0.6421451645133196,6.6,t,f,f,"intermittent demand: >40% zero weeks, normal model invalid"
2018-08-31,sports_leisure,3fd1e727ba94cfe122d165e176ce7967,C,Y,0.9,1.4,1.140175425099138,0.2,15.556,10.07,24.361,5.399,0.1944,3.377360699365342,3.0570186365652945,2.8,6.488560699365341,3.1111999999999993,4.8722,6.488560699365341,0.5840314206556616,21.6,f,t,f,stale: no sale within 13 weeks of calc_date
2018-08-31,furniture_decor,1336efc61c316ddf92c899eb817f7cae,C,Z,0.9,0.8461538461538461,1.0681880176381127,0.46153846153846156,14.72,9.906,23.8,5.385,0.2,2.5091094543297046,2.658471256684855,1.6923076923076923,4.288450113670364,1.7793406593406593,2.876923076923077,4.288450113670364,0.37405218004711077,13.6,t,t,f,intermittent (>40% zero weeks) and no sale in 13+ weeks
2018-08-31,watches_gifts,3d871de0142ce09b7081e2b9d1733cb1,C,Z,0.9,0.64,0.7,0.48,10.46,6.242,25.175,6.01,0.0159,1.318127481618314,1.841239770753042,1.28,2.274470338761171,0.9563428571428573,2.301714285714286,2.274470338761171,0.30787096867299935,1.6,t,f,f,"intermittent demand: >40% zero weeks, normal model invalid"
2018-08-31,housewares,95e03ca3d4146e4011985981aeb959b9,C,Z,0.9,0.4583333333333333,0.7790276362049131,0.7083333333333334,10.588,5.756,26.392,6.699,0.0,1.3194348181001527,2.0184002583073477,0.9166666666666666,2.0126967228620574,0.6932619047619046,1.7280476190476188,2.0126967228620574,0.13399995968567863,2.6,t,f,f,"intermittent demand: >40% zero weeks, normal model invalid"
2018-08-31,small_appliances,4e7c18b98d84e05cbae3ff0ff03846c2,C,Z,0.9,0.21052631578947367,0.4188539082916955,0.7894736842105263,11.292,5.298,25.125,5.905,0.0278,0.7116895906084011,1.0421141036581456,0.42105263157894735,1.0512986131647921,0.33960902255639097,0.7556390977443609,1.0512986131647921,0.08232496450578174,7.6,t,f,f,"intermittent demand: >40% zero weeks, normal model invalid"
2018-08-31,pet_shop,232a6014e7b10cba61c6c2b2ea6bb4b0,C,Z,0.9,0.45,0.6863327411532598,0.65,13.743,7.864,28.0,7.585,0.0286,1.3923481153673034,1.8668345652739058,0.9,2.2758266867958747,0.8834785714285714,1.8,2.2758266867958747,0.21651723159847377,6.6,t,f,f,"intermittent demand: >40% zero weeks, normal model invalid"
2018-08-31,bed_bath_table,2d50d6282f8aa2257819a77bfaa0efe0,C,Z,0.9,0.21739130434782608,0.42174116783664994,0.782608695652174,13.481,7.16,24.037,6.155,0.1111,0.8023657523706398,1.0310741982512446,0.43478260869565216,1.2210303486439318,0.41866459627329194,0.7464906832298136,1.2210303486439318,0.12613676996750903,3.6,t,f,f,"intermittent demand: >40% zero weeks, normal model invalid"
2018-08-31,furniture_decor,d20b021d3efdf267a402c402a48ea64b,C,Z,0.9,0.5555555555555556,0.7047921864945659,0.5555555555555556,16.753,12.307,22.392,3.362,0.1649,1.8759982305621241,1.651248524349192,1.1111111111111112,3.205601405165299,1.3296031746031747,1.7771428571428571,3.205601405165299,0.44521586638841326,8.6,t,f,f,"intermittent demand: >40% zero weeks, normal model invalid"
2018-08-31,unknown,e5a3438891c0bfdb9394643f95273d8e,C,Y,0.9,2.8333333333333335,1.7224014243685084,0.16666666666666666,14.523,9.638,22.125,6.797,0.1023,5.924807039667398,5.275527487623733,5.666666666666667,11.80316418252454,5.878357142857143,8.955357142857142,11.80316418252454,0.7120276444631014,20.6,f,t,f,stale: no sale within 13 weeks of calc_date
2018-08-31,toys,a49928bcdf77c55c6d6e05e09a9b4ca5,C,Z,0.9,0.4166666666666667,0.6685579234215214,0.6666666666666666,17.022,10.162,21.756,6.471,0.2,1.5446729609180425,1.589095183654025,0.8333333333333334,2.557887246632328,1.0132142857142856,1.2950000000000002,2.557887246632328,0.2518482282088912,14.6,t,t,f,intermittent (>40% zero weeks) and no sale in 13+ weeks
2018-08-31,perfumery,4e06067cc08b3f41d837768d392c3ee3,C,Z,0.9,0.9545454545454546,2.2355839277100507,0.6818181818181818,9.935,10.849,24.326,9.006,0.0435,3.904424682781766,5.567954361672181,1.9090909090909092,5.259197410054493,1.3547727272727272,3.3171818181818185,5.259197410054493,0.23579502511789588,4.6,t,f,f,"intermittent demand: >40% zero weeks, normal model invalid"
2018-08-31,stationery,1da3aeb70d7989d1e6d9b0e887f97c23,C,Z,0.9,1.0833333333333333,1.5580552724098264,0.5,7.118,4.715,18.912,6.431,0.0294,2.2200539085610442,3.521138261331238,2.1666666666666665,3.3216491466562825,1.101595238095238,2.9268571428571426,3.3216491466562825,0.17743392388717177,2.6,t,f,f,"intermittent demand: >40% zero weeks, normal model invalid"
2018-08-31,fashion_bags_accessories,891071be6ba827b591264c90c2ae8a63,C,Z,0.9,0.56,0.8205689083394114,0.6,15.643,13.049,22.667,9.874,0.2381,2.064243678601058,2.146100780687843,1.12,3.315683678601058,1.25144,1.8133600000000003,3.315683678601058,0.4200342267540582,1.6,t,f,f,"intermittent demand: >40% zero weeks, normal model invalid"
2018-08-31,furniture_living_room,870d0118f7a9d85960f29ad89d5d989a,C,Z,0.9,0.4166666666666667,1.1000658741803746,0.7916666666666666,15.481,9.688,25.558,5.403,0.0577,2.2229901436013977,2.7251714660924433,0.8333333333333334,3.144478238839493,0.9214880952380954,1.521309523809524,3.144478238839493,0.11052150586738428,2.6,t,f,f,"intermittent demand: >40% zero weeks, normal model invalid"
2018-08-31,garden_tools,903037660cf848a717166eb7a06d616e,C,Z,0.9,0.34782608695652173,0.6472807211834832,0.7391304347826086,11.292,13.275,23.25,8.784,0.0417,1.3507884451698906,1.6119527192663077,0.6956521739130435,1.911881612871754,0.5610931677018633,1.15527950310559,1.911881612871754,0.39164697680204885,3.6,t,f,f,"intermittent demand: >40% zero weeks, normal model invalid"
2018-08-31,pet_shop,834f8533b2ecb6598dd004ff3de7203a,C,Z,0.9,0.24,0.5228129047119374,0.8,16.682,11.231,20.591,8.198,0.2727,1.1460151071412814,1.2042714066909108,0.48,1.717969392855567,0.5719542857142856,0.7059771428571429,1.717969392855567,0.18541921731580854,1.6,t,f,f,"intermittent demand: >40% zero weeks, normal model invalid"
2018-08-31,electronics,f262cbc1c910c83959f849465454ddd3,C,Z,0.9,0.34782608695652173,0.6472807211834833,0.7391304347826086,10.292,7.469,20.083,7.489,0.125,1.1126250562385127,1.4837843975214753,0.6956521739130435,1.6240287829465871,0.5114037267080744,0.9979130434782607,1.6240287829465871,0.18273748345842344,3.6,t,f,f,"intermittent demand: >40% zero weeks, normal model invalid"
2018-08-31,telephony,850913d59ce317156b00f3705f1c3edb,C,Z,0.9,0.9523809523809523,1.2031704150364766,0.47619047619047616,13.3,7.888,20.3,7.54,0.2,2.5315845627161213,2.93653333056233,1.9047619047619047,4.341108372239931,1.8095238095238095,2.761904761904762,4.341108372239931,0.2951524681133761,5.6,t,f,f,"intermittent demand: >40% zero weeks, normal model invalid"
2018-08-31,bed_bath_table,318f287a62ab7ac10b703ac37435a231,C,Z,0.9,0.36,0.8602325267042628,0.76,14.063,10.125,21.344,7.877,0.2188,1.6991089657213885,1.993821615500236,0.72,2.4223489657213886,0.7232399999999999,1.0976914285714285,2.4223489657213886,0.15425125038654167,1.6,t,f,f,"intermittent demand: >40% zero weeks, normal model invalid"
2018-08-31,auto,d2374cbcbb3ca4ab1086534108cc3ab7,C,Z,0.9,0.625,0.7109393663377318,0.5,15.455,9.022,30.409,11.951,0.0455,1.7024946282936635,2.3401160449528065,1.25,3.082405342579378,1.3799107142857143,2.7150892857142854,3.082405342579378,0.3676802231351384,2.6,t,f,f,"intermittent demand: >40% zero weeks, normal model invalid"
2018-08-31,baby,f680f85bee2d253556ac91be391d2c82,C,Z,0.9,0.48,1.2622730819174324,0.8,8.879,5.656,21.697,8.816,0.0303,1.888473701421042,2.9514947258974797,0.96,2.497319415706756,0.6088457142857143,1.4877942857142856,2.497319415706756,0.06927164240328128,1.6,t,f,f,"intermittent demand: >40% zero weeks, normal model invalid"
2018-08-31,christmas_supplies,113e3a788b935f48aad63e1c41dac1bd,C,Z,0.9,0.9583333333333334,1.3344650993747553,0.4166666666666667,12.0,8.344,27.688,8.122,0.0417,2.6752586075623155,3.6877138668440015,1.9166666666666667,4.318115750419459,1.6428571428571428,3.7906190476190473,4.318115750419459,0.2994513878944049,2.6,t,f,f,"intermittent demand: >40% zero weeks, normal model invalid"
2018-08-31,cool_stuff,48436dade18ac8b2bce089ec2a041202,C,Z,0.9,0.25,0.531609533071195,0.7916666666666666,13.371,8.531,24.113,5.57,0.0726,1.0193387465713961,1.289904911792767,0.5,1.4968744608571103,0.4775357142857143,0.8611785714285715,1.4968744608571103,0.14673000313436793,2.6,t,f,f,"intermittent demand: >40% zero weeks, normal model invalid"
2018-08-31,furniture_decor,9dda5bbacd45e18d6485fee649205d09,C,Z,0.9,0.13043478260869565,0.34435022157509093,0.8695652173913043,14.571,7.846,23.429,3.88,0.0476,0.663691204113391,0.8126537565906583,0.2608695652173913,0.9352005208835773,0.2715093167701863,0.4365652173913043,0.9352005208835773,0.07969432782959021,3.6,t,f,f,"intermittent demand: >40% zero weeks, normal model invalid"
2018-08-31,cool_stuff,4e922959ae960d389249c378d1c939f5,C,Z,0.9,0.19230769230769232,0.40191847623425025,0.8076923076923077,14.917,9.459,28.417,8.298,0.125,0.822359818410614,1.078139018925153,0.38461538461538464,1.2321675107183063,0.40980769230769226,0.7806868131868133,1.2321675107183063,0.1639970706642129,0.6,t,f,f,"intermittent demand: >40% zero weeks, normal model invalid"
2018-08-31,baby,d98eec89afa3380e14463da2aabaea72,C,Z,0.9,0.38461538461538464,0.5710988059467872,0.6538461538461539,8.667,5.967,28.261,10.985,0.029,0.9163903464628808,1.6616119076480202,0.7692307692307693,1.392599137671672,0.4762087912087913,1.5528021978021977,1.392599137671672,0.2102231114239068,0.6,t,f,f,"intermittent demand: >40% zero weeks, normal model invalid"
2018-08-31,consoles_games,4e922959ae960d389249c378d1c939f5,C,Z,0.9,0.16666666666666666,0.4815434123430768,0.875,13.714,9.493,26.714,8.781,0.0952,0.9110567640886219,1.2349840274385733,0.3333333333333333,1.2375805736124315,0.32652380952380955,0.636047619047619,1.2375805736124315,0.10108568961030615,2.6,t,f,f,"intermittent demand: >40% zero weeks, normal model invalid"
2018-08-31,luggage_accessories,7ddcbb64b5bc1ef36ca8c151f6ec77df,C,X,0.9,1.0,0.0,0.0,10.972,6.363,22.917,6.652,0.0833,1.1649303730800418,1.217840144857526,2.0,2.732358944508613,1.5674285714285714,3.273857142857143,2.732358944508613,1.0,25.6,f,t,f,stale: no sale within 13 weeks of calc_date
2018-08-31,health_beauty,f8db351d8c4c4c22c6835c19a46f01b0,C,Z,0.9,0.23809523809523808,0.5389584311207966,0.8095238095238095,13.5,8.733,25.0,6.74,0.0,1.0319771691554882,1.337961505395103,0.47619047619047616,1.491160842624876,0.4591836734693877,0.8503401360544217,1.491160842624876,0.136070584969751,5.6,t,f,f,"intermittent demand: >40% zero weeks, normal model invalid"
2018-08-31,pet_shop,76d5af76d0271110f9af36c92573f765,C,Z,0.9,0.6111111111111112,0.9785276387866012,0.6666666666666666,8.3,4.26,22.7,6.608,0.0,1.446311401222871,2.3761948035079645,1.2222222222222223,2.1709145758260457,0.7246031746031747,1.9817460317460318,2.1709145758260457,0.10859555014425858,8.6,t,f,f,"intermittent demand: >40% zero weeks, normal model invalid"
2018-08-31,books_general_interest,343e716476e3748b069f980efbaa294e,C,Z,0.9,0.43478260869565216,1.0368697190241638,0.782608695652174,15.609,8.994,31.391,16.849,0.0435,2.109461984650274,3.1172043604958746,0.8695652173913043,3.078965090240336,0.9695031055900621,1.949751552795031,3.078965090240336,0.11518151298069108,3.6,t,f,f,"intermittent demand: >40% zero weeks, normal model invalid"
2018-08-31,perfumery,11bfa66332777660bd0640ee84d47006,C,Z,0.9,0.88,1.9433647796197877,0.64,14.625,8.685,22.25,6.774,0.1875,3.862262482903073,4.57239349346164,1.76,5.7008339114745015,1.8385714285714287,2.797142857142857,5.7008339114745015,0.1312494553370639,1.6,t,f,f,"intermittent demand: >40% zero weeks, normal model invalid"
2018-08-31,toys,48436dade18ac8b2bce089ec2a041202,C,Z,0.9,0.1875,0.4031128874149275,0.8125,17.826,19.425,24.522,6.999,0.0435,1.060318742187042,0.9963244764329046,0.375,1.5378008850441849,0.47748214285714285,0.6568392857142857,1.5378008850441849,0.3954829945415181,10.6,t,f,f,"intermittent demand: >40% zero weeks, normal model invalid"
2018-08-31,health_beauty,7178f9f4dd81dcef02f62acdf8151e01,C,Z,0.9,0.8571428571428571,0.8997354108424372,0.42857142857142855,16.115,9.129,34.967,5.285,0.0328,2.2612026526354643,2.7072595883549906,1.7142857142857142,4.234467958757913,1.9732653061224488,4.281673469387755,4.234467958757913,0.40137466244250797,19.6,t,t,f,intermittent (>40% zero weeks) and no sale in 13+ weeks
2018-08-31,bed_bath_table,1dfe5347016252a7884b694d4f10f5c4,C,Z,0.9,1.2,1.3038404810405297,0.4,19.2,10.559,26.52,6.959,0.24,3.6110136512631623,3.5937759412001133,2.4,6.902442222691734,3.2914285714285714,4.546285714285714,6.902442222691734,0.41269185945746295,21.6,f,t,f,stale: no sale within 13 weeks of calc_date
2018-08-31,bed_bath_table,8ab42aa58097fd4668d60cc648225d5f,C,Z,0.9,0.625,0.8850612031567836,0.625,11.28,6.937,28.88,6.572,0.0,1.6441418090652404,2.4234973668921764,1.25,2.6512846662080976,1.0071428571428571,2.5785714285714283,2.6512846662080976,0.23307783116622846,10.6,t,f,f,"intermittent demand: >40% zero weeks, normal model invalid"
2018-08-31,food_drink,e9779976487b77c6d4ac45f75ec7afe9,C,Z,0.9,0.48,1.0456258094238748,0.76,7.885,6.599,21.154,7.593,0.0385,1.535895971776911,2.4231639710172868,0.96,2.0765816860626254,0.5406857142857142,1.4505599999999998,2.0765816860626254,0.1425578771865402,1.6,t,f,f,"intermittent demand: >40% zero weeks, normal model invalid"
2018-08-31,computers_accessories,e9d99831abad74458942f21e16f33f92,C,Z,0.9,0.6363636363636364,0.7895420339517227,0.5,12.968,11.415,22.926,7.684,0.0745,1.9145057678833182,2.0382767422015142,1.2727272727272727,3.093414858792409,1.178909090909091,2.084181818181818,3.093414858792409,0.48253106054557066,4.6,t,f,f,"intermittent demand: >40% zero weeks, normal model invalid"
2018-08-31,toys,0432ead42b6c8a0bdf68154add917fdf,C,Z,0.9,0.19047619047619047,0.40237390808147827,0.8095238095238095,8.855,6.911,22.386,7.625,0.0241,0.6280570159652941,0.9597277944711569,0.38095238095238093,0.8690093969176751,0.24095238095238097,0.6091428571428571,0.8690093969176751,0.14724519354300852,5.6,t,f,f,"intermittent demand: >40% zero weeks, normal model invalid"
2018-08-31,furniture_decor,e5a38146df062edaf55c38afa99e42dc,C,Y,0.9,0.6666666666666666,0.5163977794943223,0.3333333333333333,16.167,13.137,23.667,5.639,0.0833,1.8927280858437663,1.398019542018532,1.3333333333333333,3.432442371558052,1.5397142857142856,2.254,3.432442371558052,0.7176447622609391,20.6,f,t,f,stale: no sale within 13 weeks of calc_date
2018-08-31,computers_accessories,3bdff180c7e1f6551a643b99c265a120,C,Z,0.9,1.0,1.1547005383792515,0.42857142857142855,10.276,6.774,22.638,7.285,0.0345,2.180071122455137,2.976701460111386,2.0,3.648071122455137,1.468,3.2340000000000004,3.648071122455137,0.32361239763222216,19.6,t,t,f,intermittent (>40% zero weeks) and no sale in 13+ weeks
2018-08-31,perfumery,65b081a070633e057c462abdd6fb9dd8,C,Z,0.9,0.5,0.7071067811865476,0.6,11.7,4.342,29.4,5.423,0.0,1.2371473006454357,1.92234680905841,1.0,2.0728615863597213,0.8357142857142856,2.1,2.0728615863597213,0.10321739974611084,16.6,t,t,f,intermittent (>40% zero weeks) and no sale in 13+ weeks
2018-08-31,stationery,323ce52b5b81df2cd804b017b7f09aa7,C,Z,0.9,0.5454545454545454,0.8004327833694974,0.6363636363636364,17.593,12.007,22.889,7.361,0.1481,2.0204709919284527,1.995261987692125,1.0909090909090908,3.3913541088115693,1.3708831168831168,1.7835584415584413,3.3913541088115693,0.3521737675481623,4.6,t,f,f,"intermittent demand: >40% zero weeks, normal model invalid"
2018-08-31,fashion_bags_accessories,efcd8d2104f1a05d028af7bad20d974b,C,Z,0.9,0.32,0.5567764362830021,0.72,10.14,5.778,24.66,5.92,0.02,0.9230957952319061,1.3834380538588846,0.64,1.3866386523747631,0.46354285714285715,1.1273142857142857,1.3866386523747631,0.134473768940666,1.6,t,f,f,"intermittent demand: >40% zero weeks, normal model invalid"
2018-08-31,sports_leisure,bba74270a87732727b5a3b4fd9ac1c39,C,Z,0.9,1.1666666666666667,1.602081978759722,0.5,8.476,3.572,24.381,4.189,0.0,2.3846119095199563,3.9348301253136153,2.3333333333333335,3.7972785761866232,1.412666666666667,4.0635,3.7972785761866232,0.10236633471323851,20.6,t,t,f,intermittent (>40% zero weeks) and no sale in 13+ weeks
2018-08-31,bed_bath_table,17306570e772e7718c92a562d33f5f1d,C,Z,0.9,0.2857142857142857,0.48795003647426655,0.7142857142857143,13.458,6.574,24.25,3.417,0.0417,0.9327672765186324,1.1775510894034096,0.5714285714285714,1.482073398967612,0.5493061224489796,0.9897959183673469,1.482073398967612,0.135910433705522,19.6,t,t,f,intermittent (>40% zero weeks) and no sale in 13+ weeks
2018-08-31,sports_leisure,80e6699fe29150b372a0c8a1ebf7dcc8,C,Z,0.9,1.2,1.3165611772087666,0.3,11.767,7.535,26.907,8.328,0.0349,2.7433164523017877,3.780227527906934,2.4,4.760516452301788,2.0172,4.612628571428571,4.760516452301788,0.3641273330150676,16.6,f,t,f,stale: no sale within 13 weeks of calc_date
2018-08-31,home_construction,f7720c4fa8e3aba4546301ab80ea1f1b,C,Z,0.9,1.3333333333333333,2.39791576165636,0.6666666666666666,7.391,2.856,24.0,2.067,0.0,3.2337572683245526,5.712514723833071,2.6666666666666665,4.641566792134077,1.4078095238095236,4.571428571428571,4.641566792134077,0.046478824384277036,17.6,t,t,f,intermittent (>40% zero weeks) and no sale in 13+ weeks
2018-08-31,furniture_mattress_and_upholstery,00ee68308b45bc5e2660cd833c3f81cc,C,X,0.9,1.0,0.0,0.0,12.409,11.083,21.364,8.786,0.1364,2.029062285847258,1.6085302935535513,2.0,3.801776571561544,1.772714285714286,3.052,3.801776571561544,1.0,23.6,f,t,f,stale: no sale within 13 weeks of calc_date
2018-08-31,furniture_living_room,701938c450705b8ae65fc923b70f35c7,C,Z,0.9,0.75,0.9574271077563381,0.5,12.581,7.28,24.476,7.364,0.0381,1.924851161833777,2.507296431830623,1.5,3.2728154475480626,1.3479642857142857,2.6224285714285713,3.2728154475480626,0.2696913823255932,22.6,t,t,f,intermittent (>40% zero weeks) and no sale in 13+ weeks
2018-08-31,perfumery,1464afc72f696af775557a821c2e253f,C,Z,0.9,0.3333333333333333,0.5646597025732799,0.7083333333333334,11.2,10.083,24.16,6.619,0.04,1.1029403046820434,1.4037527139667052,0.6666666666666666,1.6362736380153766,0.5333333333333332,1.1504761904761904,1.6362736380153766,0.31124981436479393,2.6,t,f,f,"intermittent demand: >40% zero weeks, normal model invalid"
2018-08-31,telephony,db4350fd57ae30082dec7acbaacc17f9,C,Z,0.9,0.7,1.0809352675491621,0.6,11.195,7.061,27.039,8.484,0.0469,1.971764564790825,2.9316620930801833,1.4,3.091264564790825,1.1195,2.7039,3.091264564790825,0.2106175123789499,6.6,t,f,f,"intermittent demand: >40% zero weeks, normal model invalid"
2018-08-31,cool_stuff,855668e0971d4dfd7bef1b6a4133b41b,C,Z,0.9,0.2,0.40824829046386313,0.8,18.929,16.085,24.286,7.764,0.1786,1.042632087739406,1.0151360865768033,0.4,1.5834606591679772,0.5408285714285713,0.6938857142857144,1.5834606591679772,0.31909209085866413,1.6,t,f,f,"intermittent demand: >40% zero weeks, normal model invalid"
2018-08-31,signaling_and_security,6481e96574816ead57975da2c0f6d80d,C,Y,0.9,1.4444444444444444,1.4240006242195884,0.3333333333333333,7.091,4.264,19.273,6.489,0.0455,2.1552616713994537,3.480532813267319,2.888888888888889,3.618483893621676,1.4632222222222224,3.976968253968254,3.618483893621676,0.27372354600786625,17.6,f,t,f,stale: no sale within 13 weeks of calc_date
2018-08-31,telephony,7040e82f899a04d1b434b795a43b4617,C,Z,0.9,0.64,0.9073771725877466,0.52,11.891,7.546,22.957,7.51,0.0652,1.7546484844176216,2.282327582371829,1.28,2.8418256272747646,1.0871771428571428,2.0989257142857145,2.8418256272747646,0.2539156033233489,1.6,t,f,f,"intermittent demand: >40% zero weeks, normal model invalid"
2018-08-31,food,e9779976487b77c6d4ac45f75ec7afe9,C,Z,0.9,0.25,0.4423258684646914,0.75,12.192,14.814,21.0,7.376,0.0769,1.009653435171349,1.0382554164606788,0.5,1.4450820065999206,0.43542857142857144,0.75,1.4450820065999206,0.4509788081158678,2.6,t,f,f,"intermittent demand: >40% zero weeks, normal model invalid"
2018-08-31,toys,a673821011d0cec28146ea42f5ab767f,C,Z,0.9,0.3,0.48304589153964794,0.7,14.308,15.447,22.192,7.222,0.0385,1.226007708893308,1.1714337711277016,0.6,1.8392077088933079,0.6132,0.9510857142857143,1.8392077088933079,0.47887315483672577,16.6,t,t,f,intermittent (>40% zero weeks) and no sale in 13+ weeks
2018-08-31,health_beauty,cbd996ad3c1b7dc71fd0e5f5df9087e2,C,Z,0.9,0.28,0.541602560309064,0.76,14.195,12.724,23.866,4.618,0.1098,1.1842246407538315,1.303294798407662,0.56,1.7520246407538316,0.5678000000000001,0.95464,1.7520246407538316,0.30336906124643204,1.6,t,f,f,"intermittent demand: >40% zero weeks, normal model invalid"
2018-08-31,dvds_blu_ray,75fbb52eda0cbc24f479d3b2fbfa8d3e,C,Z,0.9,0.4666666666666667,0.6399404734221844,0.6,13.78,6.995,27.878,4.729,0.0488,1.2966133342557604,1.6857888473744205,0.9333333333333333,2.215280000922427,0.9186666666666666,1.8585333333333334,2.215280000922427,0.2124438305174888,11.6,t,f,f,"intermittent demand: >40% zero weeks, normal model invalid"
2018-08-31,telephony,1b4c3a6f53068f0b6944d2d005c9fc89,C,Z,0.9,0.23809523809523808,0.4364357804719847,0.7619047619047619,15.781,8.446,27.125,5.493,0.0938,0.916953628001998,1.126747835276578,0.47619047619047616,1.4537223354849913,0.5367687074829932,0.9226190476190476,1.4537223354849913,0.16120737936049023,5.6,t,f,f,"intermittent demand: >40% zero weeks, normal model invalid"
2018-08-31,furniture_decor,d12c926d74ceff0a90a21184466ce161,C,Z,0.9,0.5555555555555556,1.0137937550497034,0.6666666666666666,8.727,5.147,21.0,6.459,0.0,1.5422401566420645,2.344262808876928,1.1111111111111112,2.234859204261112,0.6926190476190476,1.6666666666666667,2.234859204261112,0.11522199836316414,17.6,t,t,f,intermittent (>40% zero weeks) and no sale in 13+ weeks
2018-08-31,health_beauty,4e922959ae960d389249c378d1c939f5,C,Z,0.9,0.15,0.36634754853252327,0.85,15.6,11.673,26.8,9.801,0.2,0.7707077014013799,0.9572629065534248,0.3,1.1049934156870942,0.3342857142857143,0.5742857142857143,1.1049934156870942,0.17299923496929703,6.6,t,f,f,"intermittent demand: >40% zero weeks, normal model invalid"
2018-08-31,fashion_male_clothing,aaed1309374718fdd995ee4c58c9dfcd,C,Z,0.9,0.13636363636363635,0.35125008665710444,0.8636363636363636,11.121,4.006,28.394,6.736,0.0,0.5761287485888202,0.9220669804311025,0.2727272727272727,0.7927716057316774,0.21664285714285714,0.55312987012987,0.7927716057316774,0.030133948027773947,4.6,t,f,f,"intermittent demand: >40% zero weeks, normal model invalid"
2018-08-31,toys,71039d19d4303bf9054d69e9a9236699,C,Z,0.9,0.36363636363636365,0.7267314002700916,0.7272727272727273,9.84,8.092,17.12,7.435,0.2,1.2286313531061015,1.5383170105629658,0.7272727272727273,1.7398001842749327,0.5111688311688312,0.8893506493506493,1.7398001842749327,0.19225571741198258,4.6,t,f,f,"intermittent demand: >40% zero weeks, normal model invalid"
2018-08-31,sports_leisure,df56d7b40d437f88407c5f78b63bc328,C,Z,0.9,0.5,0.5773502691896257,0.5,12.08,12.234,24.12,4.952,0.04,1.482874451243069,1.4463291553641553,1.0,2.345731594100212,0.8628571428571429,1.7228571428571429,2.345731594100212,0.5703537306290746,22.6,t,t,f,intermittent (>40% zero weeks) and no sale in 13+ weeks
2018-08-31,computers_accessories,e8b3a3a38279a82f0e5d006d5e5b7d2c,C,X,0.9,1.0,0.0,0.0,19.286,9.618,35.821,5.478,0.0357,1.7608518510582811,1.0029056394361886,2.0,4.515994708201139,2.7551428571428573,5.117285714285714,4.515994708201139,1.0,25.6,f,t,f,stale: no sale within 13 weeks of calc_date
2018-08-31,sports_leisure,318f287a62ab7ac10b703ac37435a231,C,Z,0.9,0.8,1.1464230084422218,0.5333333333333333,9.966,5.603,21.862,8.28,0.0,1.9356122799588489,2.8656818927636425,1.6,3.0745837085302776,1.1389714285714285,2.4985142857142857,3.0745837085302776,0.17974655374460552,11.6,t,f,f,"intermittent demand: >40% zero weeks, normal model invalid"
2018-08-31,cool_stuff,dc317f341ab0e22f39acbd9dbf9b4a1f,C,Z,0.9,0.058823529411764705,0.24253562503633297,0.9411764705882353,11.545,9.927,27.0,5.514,0.0364,0.4132397375116464,0.6133235788776696,0.11764705882352941,0.5102565442343354,0.09701680672268907,0.226890756302521,0.5102565442343354,0.06692835301587331,9.6,t,f,f,"intermittent demand: >40% zero weeks, normal model invalid"
2018-08-31,stationery,bfd27a966d91cfaafdb25d076585f0da,C,Z,0.9,0.1111111111111111,0.32338083338177726,0.8888888888888888,12.955,9.317,29.045,4.467,0.0455,0.5947971612400493,0.8490602809567611,0.2222222222222222,0.80043208187497,0.20563492063492061,0.46103174603174607,0.80043208187497,0.10153259562486784,8.6,t,f,f,"intermittent demand: >40% zero weeks, normal model invalid"
2018-08-31,sports_leisure,729b2d09b2a0bdab221076327f13d050,C,Z,0.9,0.5714285714285714,0.646206172658864,0.5,14.318,7.479,26.636,7.563,0.0455,1.4195071864249722,1.798801953619052,1.1428571428571428,2.5883235129555846,1.1688163265306122,2.174367346938775,2.5883235129555846,0.30381685863684765,12.6,t,f,f,"intermittent demand: >40% zero weeks, normal model invalid"
2018-08-31,electronics,e9d99831abad74458942f21e16f33f92,C,Z,0.9,0.36,0.7,0.72,12.14,8.345,20.86,6.553,0.14,1.3031483514215008,1.6077097350410987,0.72,1.927491208564358,0.6243428571428572,1.0728,1.927491208564358,0.17813368684983763,1.6,t,f,f,"intermittent demand: >40% zero weeks, normal model invalid"
2018-08-31,stationery,0d85bbda9889ce1f7e63778d24f346eb,C,Z,0.9,0.75,0.9574271077563381,0.5,14.419,9.461,25.839,7.484,0.0968,2.1883207400769358,2.5716283952544243,1.5,3.733213597219793,1.5448928571428573,2.768464285714286,3.733213597219793,0.35241205000941883,22.6,t,t,f,intermittent (>40% zero weeks) and no sale in 13+ weeks
2018-08-31,cool_stuff,b2ba3715d723d245138f291a6fe42594,C,Z,0.9,0.2,0.4082482904638631,0.8,12.607,6.466,20.286,5.262,0.0714,0.7409724464351571,0.9112570383052548,0.4,1.101172446435157,0.3602,0.5796,1.101172446435157,0.10209473950138512,1.6,t,f,f,"intermittent demand: >40% zero weeks, normal model invalid"
2018-08-31,garden_tools,aac29b1b99776be73c3049939652091d,C,Z,0.9,0.8260869565217391,1.6963108075265054,0.7391304347826086,13.55,13.247,27.9,5.601,0.075,3.627922952148965,4.421943356339015,1.6521739130434783,5.226991275130331,1.5990683229813665,3.2925465838509314,5.226991275130331,0.30496260105077805,3.6,t,f,f,"intermittent demand: >40% zero weeks, normal model invalid"
2018-08-31,sports_leisure,50c9975695009e5e6473912e83a6d1da,C,Z,0.9,0.23809523809523808,0.4364357804719847,0.7619047619047619,15.147,7.012,23.882,4.325,0.1029,0.8776964273410436,1.050161995356521,0.47619047619047616,1.3929005089736965,0.515204081632653,0.812312925170068,1.3929005089736965,0.12127538552179776,5.6,t,f,f,"intermittent demand: >40% zero weeks, normal model invalid"
2018-08-31,telephony,0db783cfcd3b73998abc6e10e59a102f,C,Y,0.9,1.0,0.7071067811865476,0.2,10.814,5.237,23.661,7.002,0.0169,1.479149421259342,2.1021520218453307,2.0,3.024006564116485,1.544857142857143,3.3801428571428573,3.024006564116485,0.42016235913537037,21.6,f,t,f,stale: no sale within 13 weeks of calc_date
2018-08-31,housewares,813348c996469b40f2e028d5429d3495,C,Z,0.9,0.625,0.7440238091428449,0.5,10.179,7.843,21.067,6.687,0.041,1.4585762883112106,1.8225473396435459,1.25,2.3674155740254963,0.9088392857142857,1.880982142857143,2.3674155740254963,0.3785665676948403,18.6,t,t,f,intermittent (>40% zero weeks) and no sale in 13+ weeks
2018-08-31,health_beauty,36a968b544695394e4e9d7572688598f,C,Z,0.9,0.3333333333333333,0.48154341234307685,0.6666666666666666,10.167,6.828,22.767,8.831,0.0333,0.8525091667950181,1.236565519382851,0.6666666666666666,1.3366520239378752,0.4841428571428571,1.084142857142857,1.3366520239378752,0.23890348845151618,2.6,t,f,f,"intermittent demand: >40% zero weeks, normal model invalid"
2018-08-31,health_beauty,4869f7a5dfa277a7dca6462dcf3b52b2,C,Z,0.9,0.5,0.7071067811865476,0.5,15.0,7.233,26.25,5.739,0.1,1.4825886794736063,1.8317857352202267,1.0,2.5540172509021777,1.0714285714285714,1.875,2.5540172509021777,0.19943972674910776,24.6,t,t,f,intermittent (>40% zero weeks) and no sale in 13+ weeks
2018-08-31,fashion_bags_accessories,537eb890efff034a88679788b647c564,C,Z,0.9,0.32,0.7483314773547882,0.8,9.05,9.923,20.25,6.324,0.05,1.2357331957375506,1.6726958894390345,0.64,1.6494474814518363,0.41371428571428576,0.9257142857142857,1.6494474814518363,0.22131589363313492,1.6,t,f,f,"intermittent demand: >40% zero weeks, normal model invalid"
2018-08-31,sports_leisure,6a0cbc8af2e8abd1bdfb777943d174c6,C,Z,0.9,0.6666666666666666,1.1547005383792517,0.6666666666666666,16.267,10.379,24.367,5.84,0.1,2.587198817413888,2.851468412271212,1.3333333333333333,4.136436912651983,1.549238095238095,2.320666666666667,4.136436912651983,0.23974247729969514,23.6,t,t,f,intermittent (>40% zero weeks) and no sale in 13+ weeks
2018-08-31,perfumery,afe0067131b73e40875c9b6c10bd2e21,C,Z,0.9,0.14285714285714285,0.3631365196012815,0.8571428571428571,15.422,8.281,26.822,6.069,0.0444,0.7239182183484442,0.9246921596629395,0.2857142857142857,1.038652912225995,0.31473469387755104,0.5473877551020407,1.038652912225995,0.08950897162359536,12.6,t,f,f,"intermittent demand: >40% zero weeks, normal model invalid"
2018-08-31,baby,a3a38f4affed601eb87a97788c949667,C,Z,0.9,0.13636363636363635,0.35125008665710444,0.8636363636363636,11.0,4.791,25.409,8.134,0.0455,0.5768238655831692,0.8813379855440218,0.2727272727272727,0.7911095798688835,0.21428571428571427,0.49498051948051947,0.7911095798688835,0.042997097449117734,4.6,t,f,f,"intermittent demand: >40% zero weeks, normal model invalid"
2018-08-31,housewares,8b28d096634035667e8263d57ba3368c,C,Y,0.9,0.5714285714285714,0.5345224838248488,0.42857142857142855,18.516,31.075,24.29,5.324,0.1935,3.436560755649606,1.3923079457597956,1.1428571428571428,4.948070959731238,1.5115102040816324,1.9828571428571427,4.948070959731238,0.894899397384011,19.6,t,t,f,intermittent (>40% zero weeks) and no sale in 13+ weeks
2018-08-31,stationery,3586b8580d9c917874e053a1bb37b5ff,C,Z,0.9,0.2608695652173913,0.4489777585448796,0.7391304347826086,12.725,9.427,30.0,5.505,0.05,0.8969661566290604,1.2198374230758124,0.5217391304347826,1.3711897591135325,0.47422360248447204,1.1180124223602483,1.3711897591135325,0.2519520056160325,3.6,t,f,f,"intermittent demand: >40% zero weeks, normal model invalid"
2018-08-31,sports_leisure,96804ea39d96eb908e7c3afdb671bb9e,C,Y,0.9,0.6666666666666666,0.5773502691896258,0.3333333333333333,13.458,7.912,27.417,5.524,0.0417,1.4089231701450966,1.6120816543506282,1.3333333333333333,2.690637455859382,1.2817142857142856,2.611142857142857,2.690637455859382,0.4697767374673635,23.6,f,t,f,stale: no sale within 13 weeks of calc_date
2018-08-31,audio,b2ba3715d723d245138f291a6fe42594,C,Z,0.9,0.2857142857142857,0.7559289460184545,0.8571428571428571,13.0,7.665,20.424,6.32,0.0606,1.379740152408849,1.6874721641948247,0.5714285714285714,1.9103523973068084,0.5306122448979592,0.8336326530612245,1.9103523973068084,0.0844441783854877,19.6,t,t,f,intermittent (>40% zero weeks) and no sale in 13+ weeks
2018-08-31,baby,5a8e7d5003a1f221f9e1d6e411de7c23,C,Z,0.9,0.2222222222222222,0.42779263194649864,0.7777777777777778,9.348,5.898,24.261,6.283,0.0435,0.6774673123143333,1.0521678277370483,0.4444444444444444,0.9742292170762381,0.2967619047619048,0.7701904761904761,0.9742292170762381,0.12545382552682768,8.6,t,f,f,"intermittent demand: >40% zero weeks, normal model invalid"
2018-08-31,watches_gifts,f8db351d8c4c4c22c6835c19a46f01b0,C,Z,0.9,0.125,0.3415650255319866,0.875,11.6,7.328,22.567,6.668,0.0333,0.5879192711507415,0.8006309907080915,0.25,0.7950621282935986,0.20714285714285713,0.40298214285714284,0.7950621282935986,0.08136387920187137,10.6,t,f,f,"intermittent demand: >40% zero weeks, normal model invalid"
2018-08-31,garden_tools,f7720c4fa8e3aba4546301ab80ea1f1b,C,Z,0.9,0.5384615384615384,0.7762500258061849,0.6153846153846154,12.905,11.135,26.143,7.964,0.0952,1.7405188187967509,2.076628613050473,1.0769230769230769,2.733211126489058,0.9926923076923075,2.011,2.733211126489058,0.3977484193966001,13.6,t,t,f,intermittent (>40% zero weeks) and no sale in 13+ weeks
2018-08-31,housewares,cd06602b43d8800bd0afad514919d35c,C,Z,0.9,0.18181818181818182,0.5010810823432182,0.8636363636363636,12.565,8.753,23.717,6.452,0.0435,0.9083488497385382,1.2013731324045718,0.36363636363636365,1.2347124861021745,0.32636363636363636,0.616025974025974,1.2347124861021745,0.1028866976155863,4.6,t,f,f,"intermittent demand: >40% zero weeks, normal model invalid"
2018-08-31,health_beauty,44073f8b7e41514de3b7815dd0237f4f,C,Z,0.9,0.05,0.22360679774997896,0.95,13.104,7.826,30.042,7.486,0.0208,0.39857038682549795,0.5976001619283331,0.1,0.49217038682549796,0.0936,0.2145857142857143,0.49217038682549796,0.032306189073930465,6.6,t,f,f,"intermittent demand: >40% zero weeks, normal model invalid"
2018-08-31,auto,6338ea67c41078a46ad99cc009654956,C,Z,0.9,0.2916666666666667,0.6902530516863499,0.7916666666666666,13.114,6.135,28.886,3.525,0.0,1.2543096015752244,1.806794206629084,0.5833333333333334,1.800726268241891,0.5464166666666667,1.2035833333333334,1.800726268241891,0.06821334209439799,2.6,t,f,f,"intermittent demand: >40% zero weeks, normal model invalid"
2018-08-31,tablets_printing_image,0db783cfcd3b73998abc6e10e59a102f,C,Z,0.9,1.0,1.4142135623730951,0.5,11.396,6.631,25.698,8.484,0.0189,2.6117726060778703,3.8041212189874662,2.0,4.239772606077871,1.6280000000000001,3.6711428571428573,4.239772606077871,0.21605455258712924,24.6,t,t,f,intermittent (>40% zero weeks) and no sale in 13+ weeks
2018-08-31,toys,3c4e0452bff7a2a788179488d3d77032,C,Y,0.9,1.0,1.0,0.3333333333333333,13.059,10.398,29.147,4.781,0.0294,2.586090236870155,2.757673301592523,2.0,4.451661665441583,1.8655714285714284,4.163857142857142,4.451661665441583,0.541861590870177,23.6,f,t,f,stale: no sale within 13 weeks of calc_date
2018-08-31,stationery,5f5b43b2bffa8656e4bc6efeb13cc649,C,Z,0.9,0.16666666666666666,0.408248290463863,0.8333333333333334,13.423,7.256,27.115,8.378,0.0,0.7575714216224045,1.0609714474390188,0.3333333333333333,1.0771666597176426,0.31959523809523804,0.645595238095238,1.0771666597176426,0.08541240920313212,20.6,t,t,f,intermittent (>40% zero weeks) and no sale in 13+ weeks
2018-08-31,food_drink,a3dd39f583bc80bd8c5901c95878921e,C,Z,0.9,0.6666666666666666,1.2110601416389968,0.6666666666666666,12.351,5.936,24.108,4.812,0.027,2.185197752919997,2.939541229434035,1.3333333333333333,3.3614834672057112,1.1762857142857142,2.296,3.3614834672057112,0.10992585871060348,20.6,t,t,f,intermittent (>40% zero weeks) and no sale in 13+ weeks
2018-08-31,computers_accessories,7178f9f4dd81dcef02f62acdf8151e01,C,Z,0.9,0.3333333333333333,0.5,0.6666666666666666,14.519,7.24,33.444,4.07,0.0,1.023153790834353,1.4224591418469563,0.6666666666666666,1.7145347432153055,0.6913809523809524,1.5925714285714287,1.7145347432153055,0.18647854784832782,17.6,t,t,f,intermittent (>40% zero weeks) and no sale in 13+ weeks
2018-08-31,health_beauty,e24fc9fcd865784fb25705606fe3dfe7,C,Z,0.9,0.25,0.5,0.75,12.632,12.428,26.947,12.112,0.0789,1.031750112888789,1.374018663899459,0.5,1.482892970031646,0.4511428571428571,0.9623928571428572,1.482892970031646,0.3039551788193807,22.6,t,t,f,intermittent (>40% zero weeks) and no sale in 13+ weeks
2018-08-31,cool_stuff,ce27a3cc3c8cc1ea79d11e561e9bebb6,C,Z,0.9,0.2608695652173913,0.5408235558637171,0.782608695652174,6.75,4.833,19.35,8.074,0.0,0.7186800224205541,1.2151539911556326,0.5217391304347826,0.9702328174516099,0.2515527950310559,0.7211180124223603,0.9702328174516099,0.1031538316809927,3.6,t,f,f,"intermittent demand: >40% zero weeks, normal model invalid"
2018-08-31,housewares,57c764b4a836300be881e2ff86e449f9,C,Z,0.9,0.24,0.4358898943540674,0.76,15.913,8.458,24.609,5.868,0.1739,0.9205944807956936,1.0786640795947242,0.48,1.466183052224265,0.5455885714285714,0.843737142857143,1.466183052224265,0.1629660736873146,1.6,t,f,f,"intermittent demand: >40% zero weeks, normal model invalid"
2018-08-31,cool_stuff,537eb890efff034a88679788b647c564,C,Z,0.9,0.22727272727272727,0.5284134548067254,0.8181818181818182,9.235,6.223,20.735,6.35,0.0294,0.8197867604911625,1.1950751274010272,0.45454545454545453,1.1196244228288248,0.2998376623376623,0.6732142857142857,1.1196244228288248,0.09976277926776239,4.6,t,f,f,"intermittent demand: >40% zero weeks, normal model invalid"
2018-08-31,furniture_decor,7722b1df1b0e383e000397b2c11e3e19,C,Z,0.9,0.2,0.41403933560541256,0.8,8.281,6.081,20.438,7.125,0.0313,0.6185880686980738,0.9434550539564446,0.4,0.8551880686980738,0.23660000000000003,0.5839428571428571,0.8551880686980738,0.12956360128244368,11.6,t,f,f,"intermittent demand: >40% zero weeks, normal model invalid"
2018-08-31,market_place,aae3bfea055532c57fb453ed3ec80b30,C,Z,0.9,0.09090909090909091,0.30151134457776363,0.9090909090909091,12.44,7.18,26.56,9.327,0.0,0.5287909094056058,0.768511661936185,0.18181818181818182,0.6903493509640474,0.16155844155844157,0.34493506493506493,0.6903493509640474,0.05107068090939025,15.6,t,t,f,intermittent (>40% zero weeks) and no sale in 13+ weeks
2018-08-31,furniture_decor,8bd0f31cf0a614c658f6763bd02dea69,C,Z,0.9,0.041666666666666664,0.2041241452319315,0.9583333333333334,9.96,7.829,23.52,10.075,0.04,0.3177043234508798,0.4856326820214738,0.08333333333333333,0.37699003773659406,0.05928571428571429,0.13999999999999999,0.37699003773659406,0.03533620809500311,2.6,t,f,f,"intermittent demand: >40% zero weeks, normal model invalid"
2018-08-31,pet_shop,729f06993dac8e860d4f02d7088ca48a,C,Z,0.9,0.058823529411764705,0.24253562503633297,0.9411764705882353,10.885,6.837,28.269,7.707,0.0,0.3945254470218077,0.6301130998647931,0.11764705882352941,0.4859960352571018,0.09147058823529411,0.23755462184873946,0.4859960352571018,0.034830472566005743,9.6,t,f,f,"intermittent demand: >40% zero weeks, normal model invalid"
2018-08-31,computers_accessories,0db783cfcd3b73998abc6e10e59a102f,C,Y,0.9,0.6,0.5477225575051662,0.4,15.7,14.568,23.0,6.759,0.15,1.9146539750103757,1.4731447408332439,1.2,3.260368260724661,1.3457142857142856,1.9714285714285713,3.260368260724661,0.6985505868958396,21.6,f,t,f,stale: no sale within 13 weeks of calc_date
2018-08-31,food,9b013e03b2ab786505a1d3b5c0756754,C,Z,0.9,0.2631578947368421,0.5619514869490164,0.7894736842105263,5.222,2.94,15.556,3.866,0.0,0.6379437208325017,1.0896185751933913,0.5263157894736842,0.834259510306186,0.19631578947368422,0.5848120300751879,0.834259510306186,0.049299081091957846,7.6,t,f,f,"intermittent demand: >40% zero weeks, normal model invalid"
2018-08-31,computers_accessories,9646c3513289980f17226a2fc4720dbd,C,Z,0.9,0.35,0.5871429486123998,0.7,12.929,10.429,25.6,7.115,0.0857,1.2216077636090614,1.5094642609055093,0.7,1.8680577636090614,0.64645,1.28,1.8680577636090614,0.29924985343671395,6.6,t,f,f,"intermittent demand: >40% zero weeks, normal model invalid"
2018-08-31,sports_leisure,a17f621c590ea0fab3d5d883e1630ec6,C,Z,0.9,0.8,0.8366600265340756,0.4,11.714,6.735,22.208,6.04,0.0519,1.7020336864990468,2.10474874012513,1.6,3.040776543641904,1.3387428571428572,2.538057142857143,3.040776543641904,0.33588836654450727,21.6,f,t,f,stale: no sale within 13 weeks of calc_date
2018-08-31,furniture_decor,dbb9b48c841a0e39e21f98e1a6b2ec3e,C,Z,0.9,0.23529411764705882,0.562295714538387,0.8235294117647058,8.208,5.556,20.542,6.782,0.0,0.8161958468097412,1.2685490527989327,0.47058823529411764,1.0920950064736068,0.2758991596638655,0.6904873949579832,1.0920950064736068,0.08598722705467532,9.6,t,f,f,"intermittent demand: >40% zero weeks, normal model invalid"
2018-08-31,furniture_decor,002100f778ceb8431b7a1020ff7ab48f,C,Y,0.9,0.8333333333333334,0.752772652709081,0.3333333333333333,16.0,8.389,24.185,5.066,0.1667,1.9404488356884624,1.9526561775801707,1.6666666666666667,3.845210740450367,1.9047619047619047,2.8791666666666664,3.845210740450367,0.43504040596678983,20.6,f,t,f,stale: no sale within 13 weeks of calc_date
2018-08-31,toys,0bae85eb84b9fb3bd773911e89288d54,C,Z,0.9,0.17391304347826086,0.3875533878815898,0.8260869565217391,9.944,4.69,26.417,5.217,0.0,0.6105134316775174,0.9790453567914393,0.34782608695652173,0.8575693322986354,0.247055900621118,0.6563229813664596,0.8575693322986354,0.0598267816378636,3.6,t,f,f,"intermittent demand: >40% zero weeks, normal model invalid"
2018-08-31,flowers,8bb48dc19fccaa8613b6229bf7f452a2,C,Z,0.9,0.3,0.4701623459816272,0.7,12.364,7.537,24.818,5.124,0.0455,0.9014513640482154,1.1689200897017502,0.6,1.4313370783339296,0.5298857142857143,1.0636285714285716,1.4313370783339296,0.21087788175379654,6.6,t,f,f,"intermittent demand: >40% zero weeks, normal model invalid"
2018-08-31,furniture_decor,1da3aeb70d7989d1e6d9b0e887f97c23,C,Z,0.9,0.24,0.43588989435406733,0.76,7.326,4.534,18.86,6.65,0.0,0.6052041182867977,0.9623575828162751,0.48,0.8563812611439405,0.2511771428571428,0.6466285714285714,0.8563812611439405,0.10835722059455115,1.6,t,f,f,"intermittent demand: >40% zero weeks, normal model invalid"
2018-08-31,fashion_underwear_beach,4bf2f4ee540798a61f9636d12cd9cc80,C,Z,0.9,0.043478260869565216,0.20851441405707477,0.9565217391304348,13.296,6.719,25.556,5.169,0.0,0.3721478512421471,0.5122419290891012,0.08695652173913043,0.45473170217382414,0.08258385093167701,0.15873291925465838,0.45473170217382414,0.020653738288845043,3.6,t,f,f,"intermittent demand: >40% zero weeks, normal model invalid"
2018-08-31,computers_accessories,7ddcbb64b5bc1ef36ca8c151f6ec77df,C,Z,0.9,0.6666666666666666,1.2110601416389968,0.6666666666666666,10.36,5.576,21.28,7.08,0.04,2.0070416016033534,2.840690764880503,1.3333333333333333,2.9937082682700202,0.9866666666666666,2.0266666666666664,2.9937082682700202,0.11498107214194901,20.6,t,t,f,intermittent (>40% zero weeks) and no sale in 13+ weeks
2018-08-31,furniture_decor,41b39e28db005d9731d9d485a83b4c38,C,Z,0.9,0.16666666666666666,0.408248290463863,0.8333333333333334,9.086,4.273,26.286,14.181,0.0,0.6101638781216173,1.1023279344321466,0.3333333333333333,0.8264972114549507,0.21633333333333332,0.6258571428571429,0.8264972114549507,0.04566110197133332,20.6,t,t,f,intermittent (>40% zero weeks) and no sale in 13+ weeks
2018-08-31,market_place,1bb2bdb95f4841f1bba2c0d2cd83d3c9,C,Z,0.9,0.4,0.7367883976130074,0.7333333333333333,11.333,4.553,24.476,9.662,0.0476,1.246848176668362,1.902130347077508,0.8,1.8944481766683618,0.6476000000000001,1.3986285714285716,1.8944481766683618,0.07150957965195169,11.6,t,f,f,"intermittent demand: >40% zero weeks, normal model invalid"
2018-08-31,computers_accessories,ce27a3cc3c8cc1ea79d11e561e9bebb6,C,Z,0.9,0.36,0.6377042156569664,0.72,7.417,5.101,18.139,7.341,0.0278,0.9059338302273472,1.4017173862778185,0.72,1.2873795445130614,0.3814457142857143,0.9328628571428571,1.2873795445130614,0.13772056127202414,1.6,t,f,f,"intermittent demand: >40% zero weeks, normal model invalid"
2018-08-31,baby,bf3c6d2a28b2b5501e6c15448982dcc9,C,Z,0.9,0.4,1.2649110640673518,0.9,11.15,7.641,23.0,6.752,0.025,2.12104176622592,2.97971254242113,0.8,2.758184623368777,0.6371428571428572,1.3142857142857143,2.758184623368777,0.06959820390421365,16.6,t,t,f,intermittent (>40% zero weeks) and no sale in 13+ weeks
2018-08-31,tablets_printing_image,e62b2d6ac10570a035a30bafcf01d263,C,Z,0.9,0.21428571428571427,0.42581531362632,0.7857142857142857,16.2,8.649,23.4,10.298,0.15,0.896833321122616,1.0764283986436163,0.42857142857142855,1.3927516884695548,0.4959183673469387,0.7163265306122448,1.3927516884695548,0.14314324285443963,12.6,t,f,f,"intermittent demand: >40% zero weeks, normal model invalid"
2018-08-31,food,8d79c8a04e42d722a75097ce5cbcf2ef,C,Z,0.9,0.5,0.7071067811865476,0.5,19.593,25.174,31.407,6.806,0.0741,2.7584092005200307,2.0180641049702865,1.0,4.157909200520031,1.3995,2.243357142857143,4.157909200520031,0.6979160242977971,24.6,t,t,f,intermittent (>40% zero weeks) and no sale in 13+ weeks
2018-08-31,garden_tools,f8db351d8c4c4c22c6835c19a46f01b0,C,Z,0.9,0.24,0.5228129047119374,0.8,11.44,9.346,21.5,5.874,0.14,0.9498907348665298,1.2022589449782928,0.48,1.3421193062951011,0.39222857142857137,0.7371428571428572,1.3421193062951011,0.18689721267462664,1.6,t,f,f,"intermittent demand: >40% zero weeks, normal model invalid"
2018-08-31,cool_stuff,92eb0f42c21942b6552362b9b114707d,C,Z,0.9,0.5454545454545454,1.5653167252081766,0.8181818181818182,7.958,5.336,16.458,5.3,0.0,2.204279583303482,3.1211417302744042,1.0909090909090908,2.824383479407378,0.620103896103896,1.2824415584415583,2.824383479407378,0.05843748369243214,4.6,t,f,f,"intermittent demand: >40% zero weeks, normal model invalid"
2018-08-31,sports_leisure,cd68562d3f44870c08922d380acae552,C,Z,0.9,0.25,0.5,0.75,16.021,9.843,24.128,5.973,0.2128,1.068967603984977,1.2206536931225345,0.5,1.6411461754135483,0.5721785714285714,0.8617142857142858,1.6411461754135483,0.17761596145584194,22.6,t,t,f,intermittent (>40% zero weeks) and no sale in 13+ weeks
2018-08-31,cool_stuff,8cbac7e12637ed9cffa18c7875207478,C,Z,0.9,0.23076923076923078,0.5144077999169381,0.8076923076923077,15.0,8.084,25.789,6.037,0.0526,1.0236847042757735,1.2908034125918157,0.46153846153846156,1.518190198781268,0.4945054945054945,0.8501868131868132,1.518190198781268,0.11131458643315272,0.6,t,f,f,"intermittent demand: >40% zero weeks, normal model invalid"
2018-08-31,toys,1caf283236cd69af44cbc09a0a1e7d32,C,Z,0.9,0.2631578947368421,0.4524139283588641,0.7368421052631579,13.96,13.673,25.64,6.639,0.08,1.0508772247270415,1.1548201929478095,0.5263157894736842,1.5756892548022294,0.524812030075188,0.9639097744360902,1.5756892548022294,0.3929457226206515,7.6,t,f,f,"intermittent demand: >40% zero weeks, normal model invalid"
2018-08-31,consoles_games,8b321bb669392f5163d04c59e235e066,C,Z,0.9,0.4,0.6992058987801011,0.7,10.727,7.673,20.227,5.614,0.0909,1.2434563833808738,1.5777102183062515,0.8,1.8564278119523023,0.6129714285714286,1.1558285714285714,1.8564278119523023,0.20420452323297272,16.6,t,t,f,intermittent (>40% zero weeks) and no sale in 13+ weeks
2018-08-31,computers_accessories,4b5f66b7adcf57f1ecc0d3c07dd6b177,C,Z,0.9,0.047619047619047616,0.21821789023599236,0.9523809523809523,13.5,8.846,27.868,3.988,0.0263,0.3959517158246813,0.5590771129579529,0.09523809523809523,0.48778845051855885,0.09183673469387754,0.189578231292517,0.48778845051855885,0.03793559612290247,5.6,t,f,f,"intermittent demand: >40% zero weeks, normal model invalid"
2018-08-31,pet_shop,4e922959ae960d389249c378d1c939f5,C,Z,0.9,0.3333333333333333,0.5773502691896258,0.6666666666666666,15.05,8.338,33.4,4.784,0.05,1.198311348456711,1.6423738923820814,0.6666666666666666,1.9149780151233775,0.7166666666666666,1.5904761904761904,1.9149780151233775,0.1803092548331876,23.6,t,t,f,intermittent (>40% zero weeks) and no sale in 13+ weeks
2018-08-31,baby,fa40cc5b934574b62717c68f3d678b6d,C,Z,0.9,0.5,0.5477225575051661,0.5,11.829,11.169,21.073,7.122,0.0976,1.3703730957065143,1.3814143849323441,1.0,2.215301667135086,0.8449285714285715,1.5052142857142858,2.215301667135086,0.5566305447435738,20.6,t,t,f,intermittent (>40% zero weeks) and no sale in 13+ weeks
2018-08-31,costruction_tools_tools,c8467937e403e76a8ee9f0ab13f6f5ef,C,Z,0.9,0.16666666666666666,0.4815434123430768,0.875,16.636,6.941,26.121,4.695,0.1212,0.9746538988068018,1.2006900125043427,0.3333333333333333,1.37074913690204,0.39609523809523806,0.6219285714285714,1.37074913690204,0.04721900487373145,2.6,t,f,f,"intermittent demand: >40% zero weeks, normal model invalid"
2018-08-31,telephony,5656537e588803a555b8eb41f07a944b,C,Z,0.9,0.16666666666666666,0.38069349381344053,0.8333333333333334,9.654,5.571,27.0,5.231,0.0385,0.59763450896862,0.9713774707974072,0.3333333333333333,0.8274916518257629,0.22985714285714287,0.6428571428571428,0.8274916518257629,0.08090373532874709,2.6,t,f,f,"intermittent demand: >40% zero weeks, normal model invalid"
2018-08-31,cool_stuff,aac29b1b99776be73c3049939652091d,C,Z,0.9,0.11764705882352941,0.3321055820775357,0.8823529411764706,18.491,23.445,25.228,4.544,0.1579,0.8564488190212629,0.8138935516276996,0.23529411764705882,1.1672219282649603,0.31077310924369744,0.424,1.1672219282649603,0.3476449171233577,9.6,t,f,f,"intermittent demand: >40% zero weeks, normal model invalid"
2018-08-31,furniture_decor,20cb7c2fde3e5bf10f0bbe7394e1c6a9,C,Z,0.9,0.32,0.6904105059069326,0.8,12.2,7.426,25.02,4.221,0.1,1.2464725862908266,1.6909568674340636,0.64,1.8041868720051122,0.5577142857142857,1.1437714285714287,1.8041868720051122,0.12182052712717106,1.6,t,f,f,"intermittent demand: >40% zero weeks, normal model invalid"
2018-08-31,kitchen_dining_laundry_garden_furniture,6c7d50c24b3ccd2fd83b44d8bb34e073,C,Z,0.9,0.125,0.3378319623460881,0.875,10.429,4.342,23.476,5.095,0.0,0.5377171536711461,0.8013936764369505,0.25,0.723949296528289,0.18623214285714287,0.4192142857142857,0.723949296528289,0.034148212320413006,2.6,t,f,f,"intermittent demand: >40% zero weeks, normal model invalid"
2018-08-31,health_beauty,b83cedfb587e7911540e3f576d6917ce,C,Z,0.9,0.18181818181818182,0.40451991747794525,0.8181818181818182,10.25,6.562,19.667,6.253,0.0417,0.6642601025018278,0.893533625774272,0.36363636363636365,0.9304938687355939,0.2662337662337662,0.5108311688311689,0.9304938687355939,0.1081301555494837,15.6,t,t,f,intermittent (>40% zero weeks) and no sale in 13+ weeks
2018-08-31,toys,42bde9fef835393bb8a8849cb6b7f245,C,Z,0.9,0.041666666666666664,0.2041241452319315,0.9583333333333334,10.957,4.753,24.478,4.42,0.0,0.32928807616392025,0.4903414112250354,0.08333333333333333,0.39450831425915833,0.0652202380952381,0.14570238095238094,0.39450831425915833,0.012123757097172049,2.6,t,f,f,"intermittent demand: >40% zero weeks, normal model invalid"
2018-08-31,consoles_games,43f8c9950d11ecd03a0304a49e010da6,C,Z,0.9,0.07692307692307693,0.2773500981126146,0.9230769230769231,11.366,8.417,23.659,7.292,0.0488,0.4681722609808798,0.661471977471723,0.15384615384615385,0.5930733598819786,0.1249010989010989,0.259989010989011,0.5930733598819786,0.06410511505717563,13.6,t,t,f,intermittent (>40% zero weeks) and no sale in 13+ weeks
2018-08-31,unknown,dd7ddc04e1b6c2c614352b383efe2d36,C,Z,0.9,0.23809523809523808,0.4364357804719847,0.7619047619047619,13.05,4.817,21.65,5.941,0.15,0.7920224509900097,1.0171595602033447,0.47619047619047616,1.2359000020104178,0.44387755102040816,0.7363945578231291,1.2359000020104178,0.0702838944540803,5.6,t,f,f,"intermittent demand: >40% zero weeks, normal model invalid"
2018-08-31,electronics,b4a476fbd28de64b1e347abf9089366a,C,Z,0.9,0.17647058823529413,0.3929526239966879,0.8235294117647058,12.0,6.252,22.882,8.223,0.0588,0.6895984562931049,0.9484558158999405,0.35294117647058826,0.9921194646964662,0.3025210084033613,0.576857142857143,0.9921194646964662,0.08579582112506755,9.6,t,f,f,"intermittent demand: >40% zero weeks, normal model invalid"
2018-08-31,fashion_bags_accessories,1da3aeb70d7989d1e6d9b0e887f97c23,C,Z,0.9,0.3181818181818182,0.4767312946227962,0.6818181818181818,8.517,10.799,18.207,6.821,0.069,0.9218918336326286,1.0624244487432737,0.6363636363636364,1.3090281972689923,0.3871363636363636,0.827590909090909,1.3090281972689923,0.4656224974262146,4.6,t,f,f,"intermittent demand: >40% zero weeks, normal model invalid"
2018-08-31,telephony,1ca7077d890b907f89be8c954a02686a,C,Z,0.9,0.5,0.5477225575051661,0.5,13.643,7.067,23.393,8.386,0.1071,1.1742178138779913,1.4952791658029747,1.0,2.148717813877991,0.9745,1.6709285714285715,2.148717813877991,0.3035211456818621,20.6,t,t,f,intermittent (>40% zero weeks) and no sale in 13+ weeks
2018-08-31,sports_leisure,d12c926d74ceff0a90a21184466ce161,C,Z,0.9,0.4,0.9660917830792959,0.8,6.742,5.092,20.548,6.786,0.0,1.2709979175599577,2.1786753591261645,0.8,1.6562550604171007,0.3852571428571429,1.1741714285714284,1.6562550604171007,0.08607621974384945,16.6,t,t,f,intermittent (>40% zero weeks) and no sale in 13+ weeks
2018-08-31,bed_bath_table,4200ddf1967c5e41e48db62bc6d4b5ac,C,Z,0.9,0.8571428571428571,0.8997354108424372,0.42857142857142855,8.902,6.492,19.927,7.998,0.0244,1.651865110906101,2.3151800702511522,1.7142857142857142,2.7419059272326316,1.0900408163265305,2.44004081632653,2.7419059272326316,0.3803560888495704,19.6,t,t,f,intermittent (>40% zero weeks) and no sale in 13+ weeks
2018-08-31,fashion_shoes,827f8f69dfa529c561901c4f2e0f332f,C,Y,0.9,1.0,1.0,0.3333333333333333,12.316,6.658,23.711,4.304,0.0263,2.0917580702707275,2.4867830428057003,2.0,3.8511866416992993,1.7594285714285716,3.387285714285714,3.8511866416992993,0.33957895392897514,23.6,f,t,f,stale: no sale within 13 weeks of calc_date
2018-08-31,sports_leisure,cb3dd9ce66268c7a3ca7241ac70ab58c,C,Z,0.9,0.125,0.3535533905932738,0.875,14.0,10.246,26.896,6.356,0.0417,0.6823295497715282,0.8999813592038313,0.25,0.9323295497715282,0.25,0.4802857142857143,0.9323295497715282,0.11809090763019602,18.6,t,t,f,intermittent (>40% zero weeks) and no sale in 13+ weeks
2018-08-31,fixed_telephony,2138ccb85b11a4ec1e37afbd1c8eda1f,C,Z,0.9,0.2857142857142857,0.4688072309384954,0.7142857142857143,13.667,9.977,25.167,8.185,0.0556,0.9884883666318842,1.2169904237043823,0.5714285714285714,1.5463251013257617,0.5578367346938775,1.0272244897959184,1.5463251013257617,0.2787384120867476,12.6,t,f,f,"intermittent demand: >40% zero weeks, normal model invalid"
2018-08-31,health_beauty,70a12e78e608ac31179aea7f8422044b,C,Z,0.9,0.3333333333333333,0.5773502691896258,0.6666666666666666,17.857,7.748,28.071,6.174,0.0476,1.272845371501071,1.5288379960513456,0.6666666666666666,2.1231787048344044,0.8503333333333332,1.3367142857142857,2.1231787048344044,0.1379944151889413,23.6,t,t,f,intermittent (>40% zero weeks) and no sale in 13+ weeks
2018-08-31,fixed_telephony,b76dba6c951ab00dc4edf0a1aa88037e,C,Z,0.9,0.22727272727272727,0.5284134548067253,0.8181818181818182,9.439,5.192,34.024,9.229,0.0,0.8154995097205829,1.5415730371861993,0.45454545454545453,1.121960548681622,0.306461038961039,1.1046753246753245,1.121960548681622,0.07017666040945703,4.6,t,f,f,"intermittent demand: >40% zero weeks, normal model invalid"
2018-08-31,sports_leisure,3db66a856d18a9cba7c9241fc5221c50,C,Z,0.9,0.25,0.4629100498862757,0.75,17.625,7.511,28.458,9.104,0.1042,1.0021527395948642,1.26665093678996,0.5,1.6316170253091498,0.6294642857142857,1.0163571428571427,1.6316170253091498,0.11767488869004611,18.6,t,t,f,intermittent (>40% zero weeks) and no sale in 13+ weeks
2018-08-31,toys,bfd27a966d91cfaafdb25d076585f0da,C,Z,0.9,0.3333333333333333,0.5773502691896258,0.6666666666666666,12.114,6.023,25.8,4.72,0.0,1.0404406009688203,1.4493942219612035,0.6666666666666666,1.6172977438259633,0.5768571428571428,1.2285714285714286,1.6172977438259633,0.12480291388605134,23.6,t,t,f,intermittent (>40% zero weeks) and no sale in 13+ weeks
2018-08-31,housewares,7299e27ed73d2ad986de7f7c77d919fa,C,Z,0.9,0.05263157894736842,0.22941573387056177,0.9473684210526315,12.899,12.097,24.949,4.503,0.038,0.4157795594132849,0.5567493839295035,0.10526315789473684,0.5127645218193,0.09698496240601502,0.18758646616541355,0.5127645218193,0.07859555425758702,7.6,t,f,f,"intermittent demand: >40% zero weeks, normal model invalid"
2018-08-31,garden_tools,56642bcb79900e777d68e91915cb4267,C,Z,0.9,0.19047619047619047,0.511766315719159,0.8571428571428571,15.769,13.788,24.038,9.31,0.2692,1.095527508382833,1.2579841834883871,0.38095238095238093,1.5246159437569826,0.42908843537414965,0.6540952380952381,1.5246159437569826,0.19262535829186295,5.6,t,f,f,"intermittent demand: >40% zero weeks, normal model invalid"
2018-08-31,home_appliances,9674754b5a0cb32b638cec001178f799,C,Z,0.9,0.125,0.44842720314644063,0.9166666666666666,10.217,7.908,20.13,5.81,0.087,0.7174883507655648,0.9835711614638903,0.25,0.8999347793369934,0.1824464285714286,0.3594642857142857,0.8999347793369934,0.0636208884837458,2.6,t,f,f,"intermittent demand: >40% zero weeks, normal model invalid"
2018-08-31,telephony,0afccdb8a34ee5c79f7c06faf2b4d56e,C,Z,0.9,0.4,0.5477225575051662,0.6,13.458,7.489,23.833,2.973,0.0833,1.1171620394246267,1.3133718111021129,0.8,1.8861906108531983,0.7690285714285715,1.3618857142857141,1.8861906108531983,0.24099686573262746,21.6,t,t,f,intermittent (>40% zero weeks) and no sale in 13+ weeks
2018-08-31,housewares,dbb9b48c841a0e39e21f98e1a6b2ec3e,C,Z,0.9,0.13333333333333333,0.3518657752744984,0.8666666666666667,9.795,6.44,21.682,7.236,0.0455,0.5560988925310042,0.8130410707128187,0.26666666666666666,0.7426703211024328,0.18657142857142855,0.4129904761904762,0.7426703211024328,0.07991369992495855,11.6,t,f,f,"intermittent demand: >40% zero weeks, normal model invalid"
2018-08-31,furniture_decor,ec4608a1f76453166bb312b2968aeaf4,C,Z,0.9,0.08333333333333333,0.408248290463863,0.9583333333333334,14.667,11.767,21.0,4.875,0.1481,0.7783119427799897,0.9092408709054572,0.16666666666666666,0.9529190856371326,0.17460714285714285,0.25,0.9529190856371326,0.05320319537627655,2.6,t,f,f,"intermittent demand: >40% zero weeks, normal model invalid"
2018-08-31,home_comfort_2,4a3ca9315b744ce9f8e9374361493884,C,Z,0.9,0.2857142857142857,0.6436503043467892,0.8095238095238095,15.308,11.408,23.038,3.914,0.1538,1.357959421559734,1.5103807853854827,0.5714285714285714,1.9827757480903463,0.6248163265306123,0.9403265306122449,1.9827757480903463,0.19310140873757742,5.6,t,f,f,"intermittent demand: >40% zero weeks, normal model invalid"
2018-08-31,housewares,8e6cc767478edae941d9bd9eb778d77a,C,Z,0.9,0.06666666666666667,0.2581988897471611,0.9333333333333333,16.421,7.522,29.953,6.875,0.0561,0.5150537930906172,0.6896055031320754,0.13333333333333333,0.6714442692810934,0.15639047619047616,0.28526666666666667,0.6714442692810934,0.031772767977032775,11.6,t,f,f,"intermittent demand: >40% zero weeks, normal model invalid"
2018-08-31,stationery,6cd68b3ed6d59aaa9fece558ad360c0a,C,Z,0.9,0.16666666666666666,0.408248290463863,0.8333333333333334,10.886,7.455,24.714,6.052,0.0,0.690965169645366,1.0002606508359542,0.3333333333333333,0.9501556458358422,0.25919047619047614,0.5884285714285713,0.9501556458358422,0.10838185353128413,20.6,t,t,f,intermittent (>40% zero weeks) and no sale in 13+ weeks
2018-08-31,furniture_decor,bb135baca94c82fcb731335ad5b04a03,C,Z,0.9,1.0,1.4142135623730951,0.6,7.276,3.442,32.207,15.914,0.0,1.9522704466453031,4.858158553321343,2.0,2.9916990180738745,1.0394285714285714,4.601,2.9916990180738745,0.10418803876101598,21.6,t,t,f,intermittent (>40% zero weeks) and no sale in 13+ weeks
2018-08-31,luggage_accessories,6cd68b3ed6d59aaa9fece558ad360c0a,C,Z,0.9,0.3333333333333333,0.5773502691896258,0.6666666666666666,10.594,6.034,25.089,4.893,0.0198,0.9819032284035399,1.4322468505446955,0.6666666666666666,1.4863794188797304,0.5044761904761904,1.1947142857142856,1.4863794188797304,0.14063933923920482,23.6,t,t,f,intermittent (>40% zero weeks) and no sale in 13+ weeks
2018-08-31,health_beauty,5f1dc28029d2c244352a68107ec2b542,C,Z,0.9,0.18181818181818182,0.6030226891555273,0.9090909090909091,9.767,7.219,23.567,7.323,0.0667,0.9439523875540977,1.438788499325539,0.36363636363636365,1.1976406992424093,0.2536883116883117,0.6121298701298701,1.1976406992424093,0.06480441836193496,15.6,t,t,f,intermittent (>40% zero weeks) and no sale in 13+ weeks
2018-08-31,toys,8f119a0aee85c0c8fc534629734e94fd,C,Z,0.9,0.08333333333333333,0.28867513459481287,0.9166666666666666,9.809,6.8,21.064,6.298,0.0426,0.4500547407127241,0.6489047912202105,0.16666666666666666,0.5668285502365337,0.11677380952380952,0.25076190476190474,0.5668285502365337,0.05313745409080254,14.6,t,t,f,intermittent (>40% zero weeks) and no sale in 13+ weeks
2018-08-31,home_appliances,f8db351d8c4c4c22c6835c19a46f01b0,C,Z,0.9,0.1,0.30779350562554625,0.9,11.528,8.594,22.833,6.358,0.0556,0.5300898655513927,0.7218536138502354,0.2,0.694775579837107,0.16468571428571432,0.3261857142857143,0.694775579837107,0.08809835253277186,6.6,t,f,f,"intermittent demand: >40% zero weeks, normal model invalid"
2018-08-31,auto,85d9eb9ddc5d00ca9336a2219c97bb13,C,Z,0.9,0.23529411764705882,0.4372373160976031,0.7647058823529411,11.273,5.119,28.5,8.262,0.0,0.744495629269522,1.1853392988824953,0.47058823529411764,1.123419999017421,0.3789243697478991,0.9579831932773109,1.123419999017421,0.08772920322434828,9.6,t,f,f,"intermittent demand: >40% zero weeks, normal model invalid"
2018-08-31,toys,3078096983cf766a32a06257648502d1,C,Y,0.9,0.6666666666666666,0.5773502691896258,0.3333333333333333,13.091,7.117,23.455,5.387,0.0455,1.3335569074749938,1.5055490968472502,1.3333333333333333,2.5803188122368983,1.2467619047619047,2.2338095238095237,2.5803188122368983,0.4242915649821406,23.6,f,t,f,stale: no sale within 13 weeks of calc_date
2018-08-31,auto,7ddcbb64b5bc1ef36ca8c151f6ec77df,C,Z,0.9,0.2222222222222222,0.44095855184409843,0.7777777777777778,10.484,8.831,20.097,6.326,0.0645,0.779345531051056,0.991510896072977,0.4444444444444444,1.1121709278764529,0.3328253968253968,0.638,1.1121709278764529,0.2125253470952348,17.6,t,t,f,intermittent (>40% zero weeks) and no sale in 13+ weeks
2018-08-31,electronics,87142160b41353c4e5fca2360caf6f92,C,Z,0.9,0.09090909090909091,0.29424494316824984,0.9090909090909091,11.0,6.3,23.0,8.007,0.05,0.4841969729591866,0.6964035710343045,0.18181818181818182,0.6270541158163294,0.14285714285714285,0.2987012987012987,0.6270541158163294,0.04689512301748279,4.6,t,f,f,"intermittent demand: >40% zero weeks, normal model invalid"
2018-08-31,telephony,cc419e0650a3c5ba77189a1882b7556a,C,Z,0.9,1.75,2.8722813232690143,0.5,7.08,4.202,22.28,7.492,0.0,3.939147631947189,6.99200022935603,3.5,5.7091476319471886,1.7699999999999998,5.57,5.7091476319471886,0.11680455229870536,22.6,t,t,f,intermittent (>40% zero weeks) and no sale in 13+ weeks
2018-08-31,unknown,1ca7077d890b907f89be8c954a02686a,C,Z,0.9,0.2,0.447213595499958,0.8,15.857,9.527,22.338,6.396,0.1818,0.9304717323977316,1.0502653432460372,0.4,1.3835288752548744,0.4530571428571428,0.6382285714285715,1.3835288752548744,0.14055362308544184,21.6,t,t,f,intermittent (>40% zero weeks) and no sale in 13+ weeks
2018-08-31,books_general_interest,41c2bad7229b0c25e6becf179ebf63ff,C,Z,0.9,0.05,0.22360679774997896,0.95,4.478,1.41,20.522,3.073,0.0,0.22956286908664017,0.4914671167722956,0.1,0.2615485833723544,0.031985714285714284,0.1465857142857143,0.2615485833723544,0.0031611931854590523,6.6,t,f,f,"intermittent demand: >40% zero weeks, normal model invalid"
2018-08-31,health_beauty,2709af9587499e95e803a6498a5a56e9,C,Z,0.9,0.08,0.27688746209726917,0.92,13.194,4.368,17.056,7.223,0.5833,0.491350481366973,0.563909012705076,0.16,0.6421390527955444,0.15078857142857144,0.1949257142857143,0.6421390527955444,0.016952687350356863,1.6,t,f,f,"intermittent demand: >40% zero weeks, normal model invalid"
